duration,flowPktsPerSecond,flowBytesPerSecond,Label,Window
14964295.0,217.0499846468,143498.307137089,Non-VPN,15s
980004.0,2.0408079967,106.1220158285,VPN,30s
411779.0,5.0,154590.204940029,Non-VPN,120s
13756536.0,10.5404441932,5367.1941831868,VPN,15s
10102629.0,0.9898413571,333.9724738976,Non-VPN,15s
1275967.0,36.0510890956,3917.8129214941,Non-VPN,30s
11866619.0,1.1797800199,144.2702424338,VPN,15s
13998.0,1.0,10787.2553221889,Non-VPN,120s
10076817.0,0.3969507435,21.4353401476,VPN,15s
209592.0,1.0,2441343.18103744,Non-VPN,120s
110473525.0,0.0,11.7313175261,VPN,120s
223.0,8968.6098654709,2008968.60986547,Non-VPN,15s
189581.0,10.5495803904,2363.1060074586,Non-VPN,15s
2072885.0,13.025324608,1448.7055480647,VPN,30s
175960.0,11.3662195954,2682.4278245056,VPN,15s
14997365.0,100.3509616523,11541.0940521885,VPN,15s
273351.0,10.9749004028,3727.8078368106,VPN,15s
28473972.0,3.2310209478,347.2645123062,VPN,30s
14995390.0,4275.1138850007,4219639.2357918,Non-VPN,15s
29999722.0,100.0342603175,11103.8028952402,Non-VPN,30s
1409274.0,58.1859879626,40576.9211665013,VPN,15s
16114988.0,1.3651887299,222.9601412052,Non-VPN,30s
14997692.0,5.1341233038,1897.6253146151,Non-VPN,15s
14996976.0,88.7512255804,9536.3225226206,Non-VPN,15s
14989020.0,100.0732536217,11108.1311520033,Non-VPN,15s
2226818.0,13.9212095465,1724.8827699435,VPN,30s
14784413.0,3.720134171,477.8005051672,Non-VPN,30s
29996500.0,100.4783891454,10784.1914890071,VPN,30s
116392122.0,48.0,352.025543447,VPN,120s
10076501.0,0.3969631919,21.4360123618,VPN,15s
280393.0,0.0,328.1109014847,VPN,120s
20114538.0,0.2982917132,16.1077525121,VPN,30s
29998801.0,114.437907035,15458.9845107476,VPN,30s
25578602.0,0.3518566026,128.5840406759,VPN,30s
3252514.0,17.5249053501,7462.5351343607,Non-VPN,15s
11060893.0,11.3914852987,3300.9992954457,VPN,15s
10046732.0,0.7962788298,37.9227792679,Non-VPN,15s
567691.0,2718.0279412568,2884430.08608556,Non-VPN,30s
10210016.0,1.5670886314,363.2707333661,Non-VPN,30s
31.0,1.0,10900000.0,VPN,120s
5292348.0,2.2674245911,124.708352512,VPN,15s
278416.0,7.1834952014,1609.1029251193,Non-VPN,15s
10076446.0,0.3969653586,21.4361293655,VPN,15s
14657019.0,0.2729067896,18.4894349936,VPN,30s
28501747.0,0.1403422745,27.7877703426,Non-VPN,30s
10077797.0,0.3969121426,21.4332557006,VPN,15s
40096.0,74.8204309657,4663.8068635275,VPN,30s
14998983.0,113.5410314153,15248.3005014407,VPN,15s
7472967.0,1.0,74966.0743851806,VPN,120s
104769052.0,0.0,5.0682905864,Non-VPN,120s
14972582.0,2.3376061657,962.4258528021,Non-VPN,15s
17.0,117647.058823529,4705882.35294118,VPN,30s
369.0,8130.081300813,409214.092140921,Non-VPN,30s
24389218.0,0.1640068985,13.3665622243,VPN,30s
0.0,0.0,0.0,VPN,30s
76811784.0,0.0,30.3469061466,Non-VPN,120s
14987622.0,101.8840747385,13154.1214476853,Non-VPN,15s
84858.0,1.0,53076.9049470881,Non-VPN,120s
14999472.0,100.1368581507,11115.1912547322,Non-VPN,15s
10448326.0,0.9570911168,118.7750075945,VPN,30s
8746923.0,0.4573036712,87.3450012079,Non-VPN,30s
14885299.0,8.8006293995,642.3115854105,VPN,15s
177206.0,11.286299561,2528.1311016557,Non-VPN,15s
11350969.0,3.7882228381,634.9237673013,Non-VPN,15s
14988625.0,100.0758908839,11108.4238881152,Non-VPN,15s
2489463.0,12.0507916768,1741.7410903476,Non-VPN,15s
10856195.0,6.3558180375,1196.0912640202,VPN,15s
27003063.0,2.1108716445,141.6135643575,Non-VPN,30s
29607170.0,4.1206234841,732.7954681248,VPN,30s
131022.0,0.0,32719.695928928,Non-VPN,120s
5775.0,10.0,20200000.0,Non-VPN,120s
0.0,0.0,0.0,VPN,30s
14984110.0,104.377236953,12173.0286283269,Non-VPN,15s
52077.0,38.4046700079,2957.1595906062,Non-VPN,30s
116788325.0,17.0,130.680870712,VPN,120s
29997209.0,113.6772424395,15000.1955181897,VPN,30s
29997805.0,99.7739667952,11074.9103142713,Non-VPN,30s
90644261.0,0.0,3.4420270689,VPN,120s
29925372.0,3.1077307911,603.2005216176,VPN,30s
14509827.0,9.5107956835,4253.255397187,Non-VPN,15s
23824150.0,1.8048912553,313.253568333,VPN,30s
650231.0,43.0616196398,9082.9259140213,VPN,30s
23264279.0,0.3438748306,14.2278211158,Non-VPN,30s
56723647.0,3.0,74.6425912988,Non-VPN,120s
1027022.0,1.0,351014.876020183,Non-VPN,120s
10108781.0,3.3634124629,180.0414906604,Non-VPN,30s
4070669.0,5.8958367777,1493.8576435471,Non-VPN,30s
54768.0,0.0,1460.7069821794,VPN,120s
719669.0,22.2324429703,12277.8666303537,VPN,15s
14999690.0,100.1354027983,11115.029710614,Non-VPN,15s
57726187.0,16.0,626.6999758706,Non-VPN,120s
119997647.0,0.0,12179.2888155549,Non-VPN,120s
91296654.0,6.0,25.5540580929,VPN,120s
7945346.0,4.0,211499.788681324,VPN,120s
957646.0,30.2825887645,4488.0885003436,Non-VPN,30s
14999918.0,104.333903692,12076.1993498898,Non-VPN,15s
29628173.0,9.9229878265,3642.9853437132,VPN,30s
171885.0,11.635686651,500.3345259912,Non-VPN,15s
29983853.0,104.4228705364,12197.8986489828,Non-VPN,30s
1038.0,4816.9556840077,257225.433526012,Non-VPN,15s
303.0,1.0,742574.257425743,VPN,120s
14252306.0,1.4032816865,403.1628285275,VPN,15s
21756274.0,3.7230639769,343.5330884323,VPN,30s
10236982.0,1.3675905653,398.4572796943,Non-VPN,30s
104355633.0,0.0,5.0883693073,VPN,120s
14999025.0,114.0074104817,15550.6774607016,VPN,15s
223191.0,8.9609348047,2114.7806139137,VPN,15s
17222905.0,0.232248857,11.6124428486,VPN,30s
73.0,27397.2602739726,1095890.4109589,VPN,15s
9913386.0,0.7061159527,42.0643360402,VPN,15s
29846609.0,6.0643405085,1768.1405616296,VPN,30s
88104.0,22.7004449287,5084.8996640334,Non-VPN,15s
29998911.0,100.0369646752,11104.1030789418,Non-VPN,30s
48.0,41666.6666666667,1666666.66666667,Non-VPN,15s
151604.0,13.1922640564,1464.3413102557,VPN,15s
2262843.0,9.0,1637.7627612698,VPN,120s
29810294.0,2.1469093864,240.453851277,Non-VPN,30s
14978977.0,70.098245027,83545.0912301955,VPN,15s
20117201.0,0.298252227,16.10562026,VPN,30s
29996607.0,99.9446370718,11093.8547149683,Non-VPN,30s
21373602.0,0.187146743,29.6159720762,Non-VPN,30s
10054578.0,0.7956574607,37.495357836,Non-VPN,15s
218308.0,32.0647891969,3760.741704381,Non-VPN,30s
974.0,0.0,82135.523613963,VPN,120s
13971042.0,0.3578831128,165.1272682453,VPN,15s
14998761.0,104.6753128475,12352.3536377438,Non-VPN,15s
16506133.0,1.1510872959,364.470587993,VPN,30s
212643.0,9.4054354011,1072.2196357275,VPN,30s
0.0,0.0,0.0,Non-VPN,120s
81.0,24691.3580246914,987654.320987654,VPN,15s
633.0,3159.5576619273,126382.306477093,Non-VPN,15s
10902573.0,0.9172146795,270.1197231149,Non-VPN,15s
99.0,20202.0202020202,1747474.74747475,VPN,15s
14838029.0,7.2112003555,687.0184712538,VPN,15s
29998158.0,0.1000061404,4.4002701766,VPN,30s
646996.0,24.7296737538,11244.2735349214,Non-VPN,30s
14993380.0,100.0441528194,11104.9009629583,Non-VPN,15s
60018134.0,4.0,24.7258603541,Non-VPN,120s
9975324.0,0.4009894816,89.8216438885,Non-VPN,30s
25916914.0,4990.9491539,4923402.95607726,Non-VPN,30s
64149781.0,0.0,20.171541973,Non-VPN,120s
125247.0,127.7475708001,34962.9132833521,VPN,15s
493438.0,48.6383294355,10410.6290962593,Non-VPN,15s
14830708.0,11.3278475984,1763.2334208185,VPN,15s
26149690.0,7.6865155954,1293.4761368108,Non-VPN,30s
90158731.0,0.0,3.460563348,VPN,120s
20118171.0,0.2982378468,16.1048437256,VPN,30s
11642538.0,1.460162724,459.6935822756,Non-VPN,15s
13943081.0,0.3586007999,23.1656116751,VPN,30s
25189583.0,6.5106278258,1866.0888510937,VPN,30s
16432.0,16918.2083739046,16500000.0,Non-VPN,30s
0.0,0.0,0.0,VPN,30s
1144723.0,16.5979018505,1901.7701225537,VPN,30s
814.0,3685.5036855037,185503.685503686,Non-VPN,30s
14865387.0,6.7270364371,911.7152483148,VPN,15s
14908109.0,3.9575777183,435.3335490101,VPN,15s
11715296.0,6.8286793607,1370.0891552377,VPN,15s
0.0,0.0,0.0,Non-VPN,15s
20116837.0,0.2982576237,16.1059116799,VPN,30s
4694401.0,16.8285581057,5409.6358619556,Non-VPN,15s
29799534.0,2.1476845913,300.6758427833,VPN,30s
10505849.0,5.2351789941,1331.3536107363,VPN,15s
539721.0,29.6449461852,5938.2532827146,VPN,30s
3357.0,2680.9651474531,296097.706285374,Non-VPN,15s
119984701.0,0.0,15504.6017075127,Non-VPN,120s
14999440.0,104.8039126794,12294.792338914,Non-VPN,15s
14999281.0,100.0047935631,11100.5320855046,Non-VPN,15s
188208.0,10.6265408484,2380.3451500468,Non-VPN,15s
28434433.0,0.6330353062,129.4908887404,VPN,30s
224728.0,57.8477092307,15107.1517567904,Non-VPN,30s
160489.0,62.3095663877,18381.3220843796,Non-VPN,15s
14513986.0,8.8190797483,3273.2565678374,VPN,15s
19128519.0,0.8887253634,87.8792550537,Non-VPN,30s
119999864.0,0.0,11100.9375810626,Non-VPN,120s
108100.0,18.5013876041,851.0638297872,VPN,30s
29998498.0,100.0383419197,11104.2559530814,Non-VPN,30s
20117103.0,0.29825368,16.1056987182,VPN,30s
24194358.0,0.2893236514,31.9495975053,Non-VPN,30s
90787049.0,1.0,36.5690925806,VPN,120s
119252415.0,0.0,234.7960835846,Non-VPN,120s
100974.0,0.0,50022.7781409076,Non-VPN,120s
210826.0,9.486495973,493.2977905951,VPN,15s
144603.0,221.2955471187,58608.7425572084,Non-VPN,15s
14998768.0,76.6729640728,11098.2448691786,Non-VPN,15s
29992096.0,100.526485378,11782.1708759535,VPN,30s
122604.0,106.0324296108,27291.1161136668,VPN,15s
27972472.0,4.4329296317,1460.936309097,Non-VPN,30s
0.0,0.0,0.0,Non-VPN,15s
654908.0,35.1194366232,25078.3316129899,Non-VPN,15s
142935.0,160.912302795,34589.148913842,Non-VPN,15s
116704131.0,5.0,36.0998360889,VPN,120s
14960004.0,464.8394479039,525338.362208994,VPN,15s
14988879.0,104.6108918486,12259.956198192,Non-VPN,15s
3215407.0,10.0,1361.2584658801,VPN,120s
29484887.0,1.8653624143,148.1436913765,VPN,30s
20110818.0,5.3205195333,1460.4577496549,VPN,30s
14999522.0,100.1365243506,11115.1542029139,Non-VPN,15s
2206299.0,3.0,44150.8607854149,VPN,120s
0.0,0.0,0.0,VPN,30s
11559794.0,4.4983500571,1575.7201209641,Non-VPN,15s
0.0,0.0,0.0,Non-VPN,15s
16273984.0,0.2457910737,30.7238842068,VPN,30s
13661736.0,4.3186312486,627.6654738461,VPN,15s
111737110.0,176.0,1129.5799578135,VPN,120s
15581040.0,17.0,746.4841884752,VPN,120s
26011.0,230.671638922,17800.1614701472,VPN,30s
201669.0,94.2137859562,37566.5074949546,Non-VPN,30s
2186082.0,2.7446362945,358.175036435,Non-VPN,30s
12982727.0,0.46215252,20.7968634017,Non-VPN,15s
95759000.0,0.0,262024.697417475,VPN,120s
29993521.0,3280.9752479544,3233607.01799565,Non-VPN,30s
14998260.0,100.8116941565,11645.2841862989,VPN,15s
27267.0,220.046209704,16980.2325154949,VPN,30s
14460828.0,15.8358843629,3319.0353968666,VPN,15s
14876775.0,4.7725397474,569.2766073292,VPN,15s
12856647.0,266.6325053492,504094.107896095,Non-VPN,15s
177486.0,4.0,9403.5585905367,Non-VPN,120s
17135269.0,3.5015499319,490.9173004521,VPN,30s
10151269.0,2.6597659859,780.8875914923,VPN,15s
94043159.0,1.0,2.498852681,Non-VPN,120s
3000460.0,10.3317491318,1426.7812268786,VPN,30s
23.0,1.0,5869565.2173913,VPN,120s
127142.0,3.0,3893.2846738293,VPN,120s
61200950.0,5.0,15.3919179359,Non-VPN,120s
183.0,10928.9617486339,2628415.30054645,Non-VPN,15s
14974784.0,65.3097901112,211228.689508977,Non-VPN,15s
67050683.0,0.0,2.9231618714,VPN,120s
274102.0,10.9448307564,3717.5941802687,VPN,15s
11623630.0,1.634601239,698.576950574,Non-VPN,30s
118026797.0,8.0,47.3197624773,VPN,120s
67595.0,29.5879872772,6627.7091500851,Non-VPN,15s
3261445.0,9.0,1303.7166041433,VPN,120s
14989523.0,100.0031822227,11100.3532267171,Non-VPN,15s
60000314.0,2.0,5.7999696468,Non-VPN,120s
92022.0,2.0,55138.9885027493,Non-VPN,120s
1722854.0,11.0282124893,752.8206104522,VPN,15s
173586.0,11.5216664938,495.4316592352,Non-VPN,30s
3618786.0,1.6580145938,87.8747734738,VPN,30s
39503.0,29390.1728982609,29900000.0,Non-VPN,30s
6062009.0,334.3775966021,270726.420894459,VPN,30s
14994993.0,112.3708427206,15256.3592393808,VPN,15s
14998848.0,104.5413621099,12139.9323468042,Non-VPN,15s
2248268.0,4.4478683146,2223.9341573158,VPN,15s
12211703.0,22.6831589337,15090.8517837357,VPN,15s
14999384.0,113.2046489376,15493.8362802099,Non-VPN,15s
25566290.0,4.88925065,796.4393738787,VPN,30s
0.0,0.0,0.0,VPN,15s
14995062.0,113.1039004707,15522.6433875365,Non-VPN,15s
57.0,1.0,5929824.56140351,VPN,120s
17770066.0,0.7878417559,116.150384585,Non-VPN,30s
119992417.0,0.0,11101.6265302832,Non-VPN,120s
118332386.0,176.0,1058.7042502464,VPN,120s
84977.0,5.0,73749.3674759053,Non-VPN,120s
13774634.0,0.8711665225,401.3173780153,VPN,15s
805361.0,4.0,3674.1287447493,Non-VPN,120s
191855.0,36.4858877798,36605.7699825389,Non-VPN,15s
29995397.0,100.5820993134,11762.2380527252,VPN,30s
15961124.0,0.3132611463,18.2317987129,VPN,30s
22295184.0,0.4485273591,111.683312414,Non-VPN,30s
14998177.0,7.1342003765,2034.9806513152,Non-VPN,15s
29990909.0,114.0345562717,15085.0712794334,VPN,30s
86406121.0,3.0,54.1859760144,Non-VPN,120s
822301.0,4.0,9969.5853464851,VPN,120s
14999159.0,104.6725353068,12360.6263524508,Non-VPN,15s
25458564.0,5.3420137915,901.9754609883,Non-VPN,30s
14991080.0,78.6467686117,12354.0798928429,Non-VPN,15s
1573078.0,5.0855710906,610.9042272538,VPN,30s
165698.0,84.4910620527,25431.8096778477,VPN,15s
212176.0,14.1392051881,824.7869693085,VPN,15s
14546781.0,0.0,58.7758900062,Non-VPN,120s
119977985.0,0.0,8127.5910743125,Non-VPN,120s
14998954.0,104.6072946153,12204.9844275808,Non-VPN,15s
12585088.0,4.2907924045,1216.360187549,VPN,15s
11975802.0,0.5845120018,140.9508941447,Non-VPN,15s
119127512.0,22.0,578.6740513812,Non-VPN,120s
14986076.0,100.0929129146,11110.3133335237,Non-VPN,15s
29986139.0,84.1055262233,100774.027626564,VPN,30s
304922.0,1629.9250300077,1145745.46933314,VPN,15s
14425844.0,2.2182410956,248.443002711,Non-VPN,15s
4104281.0,0.9745921393,142.0468043002,VPN,15s
29997781.0,4.5670044728,1134.6839287879,Non-VPN,30s
153.0,13071.8954248366,2928104.5751634,Non-VPN,15s
210573.0,18.9957876841,8785.5518038875,VPN,30s
119260447.0,0.0,234.7802704446,Non-VPN,120s
14991511.0,76.9101927084,11000.3588030586,Non-VPN,15s
119974749.0,102.0,371.5865244277,VPN,120s
14404294.0,2.1521360228,301.8544331295,VPN,15s
50096.0,359.3101245608,282916.799744491,Non-VPN,15s
29987046.0,100.5434146464,11058.0748767318,VPN,30s
44.0,0.0,1818181.81818182,VPN,120s
27604.0,108.6799014636,5470.221706999,Non-VPN,15s
29808138.0,2.1470646707,240.4712431216,Non-VPN,30s
109925582.0,1.0,15.6014639067,Non-VPN,120s
14870405.0,6868.7436556032,6765449.09166899,Non-VPN,15s
10109366.0,0.8902635437,375.6912154531,VPN,15s
31442.0,0.0,2544.3674066535,VPN,120s
14264977.0,1.68244225,160.1124207911,VPN,15s
14999951.0,5.7333520623,1472.0048085491,Non-VPN,15s
26206691.0,5.532938134,929.8770302592,Non-VPN,30s
14989820.0,0.3335597092,109.8078562651,VPN,15s
119066835.0,8.0,74.7731305699,VPN,120s
20107254.0,5.1722627068,1453.1571541296,VPN,30s
14756159.0,1734.868809695,1712920.00851983,Non-VPN,15s
232.0,8620.6896551724,2215517.24137931,Non-VPN,30s
3280190.0,10.0,1301.4490014298,VPN,120s
123063518.0,0.1543918158,61.9761252071,Non-VPN,15s
112842635.0,14.0,53.1625302794,Non-VPN,120s
29997537.0,99.9082024634,11089.8104734399,Non-VPN,30s
29805345.0,2.1472658679,300.6172215084,VPN,30s
0.0,0.0,0.0,VPN,30s
26329706.0,2.8105137216,145.1972156468,Non-VPN,30s
11128090.0,0.8986268084,263.8368309386,Non-VPN,15s
14998761.0,4971.010605476,4902056.50986772,Non-VPN,15s
65848187.0,2.0,36.2652353663,VPN,120s
25490.0,117.6932130247,5923.891722244,Non-VPN,30s
171973.0,0.0,2744.6168875347,VPN,120s
71426276.0,0.0,36.2051634891,Non-VPN,120s
5292.0,6802.7210884354,272108.843537415,Non-VPN,15s
29976923.0,5.5709520287,892.0528634643,Non-VPN,30s
105180615.0,7.0,99.9613854701,Non-VPN,120s
14841029.0,6.4011733957,399.163696803,VPN,15s
3767594.0,1.0616855213,201.4548276699,Non-VPN,30s
14022550.0,6.2756060774,1791.4715939683,VPN,15s
12558891.0,1.9109967592,267.1414219615,VPN,15s
10077192.0,0.3969359718,21.4345424797,VPN,15s
14987226.0,100.752467468,11284.8768678073,VPN,15s
62807471.0,6.0,118.5050103355,Non-VPN,120s
29816991.0,8.4515570334,3412.7856831697,VPN,30s
75712.0,383.0304311074,336525.253592561,Non-VPN,15s
16.0,125000.0,5750000.0,VPN,30s
273215.0,10.98036345,3729.6634518603,VPN,30s
29875098.0,14.8953486278,5891.0601732587,VPN,30s
0.0,0.0,0.0,Non-VPN,30s
11039366.0,0.9964340343,159.2482756709,VPN,30s
8391460.0,1.0,65968.3773741399,VPN,120s
1183.0,4226.5426880812,225697.379543533,Non-VPN,15s
29998973.0,100.5367750423,10855.6382913508,VPN,30s
67.0,0.0,1194029.85074627,VPN,120s
14979226.0,79.0428023451,12667.8774991445,Non-VPN,15s
14428396.0,2.2178487477,248.399059743,Non-VPN,15s
29997314.0,99.9089451809,11089.892915079,Non-VPN,30s
28527915.0,3.9610325536,356.5279832052,VPN,30s
8033458.0,7.0953255746,2282.3297265013,Non-VPN,15s
18.0,1.0,7500000.0,VPN,120s
91291446.0,6.0,24.9859116045,VPN,120s
244097.0,65.5477125897,43572.8419439813,Non-VPN,15s
12227711.0,1.3902847393,529.9438300431,VPN,30s
0.0,0.0,0.0,Non-VPN,120s
395.0,5063.2911392405,202531.64556962,Non-VPN,30s
4444915.0,12.0,75045.3045783778,VPN,120s
50.0,120000.0,40900000.0,VPN,15s
785.0,3821.6560509554,296815.286624204,VPN,15s
132364.0,234.2026532894,62751.2012329636,Non-VPN,15s
48253.0,1.0,37282.6560006632,Non-VPN,120s
1161105.0,2.5837456561,161.0534792288,VPN,15s
15942365.0,0.0,14.9915022018,VPN,120s
10214056.0,1.5664687955,384.8618022067,Non-VPN,30s
14441125.0,2.2158938448,248.1801106216,Non-VPN,15s
7189528.0,0.8345471358,207.8022368089,Non-VPN,15s
29805301.0,2.1472690378,240.4941322351,Non-VPN,30s
172710.0,11.580105379,497.9445312952,VPN,15s
2192691.0,10.0,1750.3606299292,VPN,120s
10158969.0,2.8546203852,795.0609948706,VPN,15s
2201359.0,4.0883835849,2250.8822958909,VPN,15s
25378954.0,1.8519281764,558.9276847265,VPN,30s
236455.0,8.4582690152,439.8299887928,VPN,15s
21477491.0,104.6211589613,12197.1882097401,Non-VPN,30s
14819565.0,4.2511369261,367.9595183799,VPN,30s
90265727.0,3.0,23.17601674,Non-VPN,120s
309844.0,1.0,5909.4253882599,VPN,120s
14996598.0,104.6237286617,12322.4614009124,Non-VPN,15s
29985356.0,99.848739498,11083.2100842825,Non-VPN,30s
3101969.0,10.0,1411.6839981315,VPN,120s
0.0,0.0,0.0,Non-VPN,15s
8047062.0,0.0,104.1373857937,Non-VPN,120s
10336290.0,3.0,423.846467156,Non-VPN,120s
20116585.0,0.29826136,16.1061134382,VPN,30s
96380.0,0.0,38462.3365843536,Non-VPN,120s
29977815.0,6.7716743198,1176.0697035458,Non-VPN,30s
223029.0,0.0,44967.2464119016,Non-VPN,120s
0.0,0.0,0.0,Non-VPN,120s
55.0,36363.6363636364,1454545.45454545,VPN,15s
2148188.0,106.1359620294,109059.821579862,VPN,30s
192403.0,10.3948483132,2557.1326850413,Non-VPN,30s
24957175.0,0.4808236509,292.2606424806,Non-VPN,30s
29558236.0,1.048777065,103.896592476,VPN,30s
127986161.0,0.0,2.8440574915,VPN,120s
10078168.0,3.4728533995,1172.2368589212,Non-VPN,15s
14717268.0,6.9985815302,511.8477152145,VPN,15s
90321633.0,3.0,89.1923643586,Non-VPN,120s
29998575.0,99.9047454754,11089.4267477705,Non-VPN,30s
68098119.0,7.0,131.398636723,Non-VPN,120s
20.0,0.0,4600000.0,VPN,120s
90200226.0,0.0,97.4720395933,VPN,120s
20118833.0,0.2982280334,16.1043138039,VPN,30s
13904142.0,669.153119984,609415.884849277,VPN,15s
10694865.0,0.0,153.5316247564,Non-VPN,120s
14994729.0,113.5732429709,15613.4198890824,Non-VPN,15s
10429310.0,0.958836203,118.9915727886,VPN,15s
117892853.0,11.0,23.4365352071,VPN,120s
569556.0,26.3363040684,3232.3423859989,VPN,15s
3514872.0,211.9565093693,160831.745793303,VPN,15s
133738.0,246.75111038,75042.2467810196,VPN,15s
10077690.0,0.3969163568,21.4334832685,VPN,15s
52.0,38461.5384615385,1538461.53846154,VPN,30s
14997749.0,113.1503134237,15547.1331064415,Non-VPN,15s
14981864.0,112.9365478154,15570.7594195222,Non-VPN,15s
10077464.0,0.3969252582,21.4339639417,VPN,15s
46572.0,89.0,31200000.0,Non-VPN,120s
9818801.0,0.407381716,75.7729991676,Non-VPN,30s
159093.0,18.8568950237,1099.9855430472,VPN,15s
29884513.0,7.0270511017,992.4873127429,VPN,30s
14994936.0,1.8006078852,243.7489563143,Non-VPN,15s
111852189.0,284.0,2507.2911179235,VPN,120s
533140.0,43.1406384814,27602.5059083918,VPN,30s
12176558.0,9.6907516886,1610.1430305674,Non-VPN,15s
119909308.0,14.0,249.1299507791,VPN,120s
29811495.0,2.146822895,300.5552052992,VPN,30s
29806972.0,2.1471486604,300.6008124542,VPN,30s
83423.0,24297.855507474,24100000.0,Non-VPN,15s
14984551.0,100.7704535158,11910.2667807664,VPN,15s
0.0,0.0,0.0,VPN,30s
21662.0,3970.0858646478,160234.512048749,Non-VPN,15s
1157146.0,2.592585551,161.6044993458,VPN,15s
29995936.0,0.1000135485,6.4675428031,Non-VPN,30s
52968.0,37.7586467301,2907.4157982178,Non-VPN,15s
29997881.0,121.9419464995,254982.576936018,Non-VPN,30s
29924777.0,1.1695993591,488.3578581053,Non-VPN,30s
14987685.0,113.693342234,15499.2582243355,Non-VPN,15s
995645.0,6021.222423655,11800000.0,Non-VPN,15s
14349495.0,4.3207095441,392.5573687436,VPN,15s
23658059.0,7.4393254324,1210.9192897017,Non-VPN,30s
12641629.0,172.1297152448,397235.751816479,Non-VPN,15s
14443600.0,0.2769392672,38.7714974106,VPN,15s
65676678.0,5.0,38.9179245637,Non-VPN,120s
27577473.0,5.0403457924,1749.1812973582,Non-VPN,30s
244153.0,0.0,1970.0761407806,Non-VPN,120s
29807703.0,2.147096004,300.5934405613,VPN,30s
20097394.0,5.2245579701,1456.457488966,VPN,30s
248623.0,8.0443080487,1801.9250029161,Non-VPN,15s
119997770.0,0.0,15051.5047071291,VPN,120s
13966203.0,1.0024199133,127.1641261408,VPN,15s
231968.0,2.0,7302.7314112291,Non-VPN,120s
35.0,57142.8571428571,2628571.42857143,VPN,15s
15206950.0,1.0,89.4985516491,Non-VPN,120s
13967414.0,2.0046660033,564.5998607903,VPN,15s
14519383.0,4.1324070038,385.346953104,VPN,15s
14957093.0,1.6714477873,597.8434445784,Non-VPN,15s
18.0,1.0,7500000.0,VPN,120s
150355.0,13.3018522829,3272.2556616009,Non-VPN,30s
941148.0,3.0,21498.2128209378,VPN,120s
14985953.0,100.0937344459,11110.4045234894,Non-VPN,15s
2376779.0,3.0,236.8751995873,VPN,120s
29994593.0,100.0180265823,11102.000950638,Non-VPN,30s
14999263.0,104.6051395992,12198.1326682518,Non-VPN,15s
1960508.0,33.6647440357,33348.4994705454,Non-VPN,15s
14939624.0,2.8113157332,553.3606468275,VPN,15s
103743275.0,660.0,223769.550363626,Non-VPN,120s
14423533.0,2.2185965117,248.4828093089,Non-VPN,15s
206993.0,0.0,502.4324494065,VPN,120s
218476.0,9.154323587,553.8365770153,VPN,30s
104581.0,76.495730582,27251.6040198506,VPN,15s
29982817.0,100.4908911661,11284.1298401014,VPN,30s
1810718.0,647.2570549362,605299.665657491,Non-VPN,30s
128099.0,187.3550925456,38704.4395350471,VPN,15s
3529.0,0.0,55823.1793709266,VPN,120s
119999662.0,0.0,15337.0765327656,VPN,120s
2901937.0,1.3783896756,73.054652806,VPN,30s
259425.0,1711.4773055797,1338417.65442806,VPN,15s
20117447.0,0.29824858,16.1054233174,VPN,30s
14993777.0,100.6417529086,12392.407863609,VPN,15s
9211586.0,639.3035900658,567178.768129614,VPN,15s
114784619.0,9.0,611.0836156541,VPN,120s
141153.0,4.0,12567.9227504906,Non-VPN,120s
111809772.0,64.0,1429.5709323153,Non-VPN,120s
14256937.0,1.6833910397,160.6235617089,VPN,15s
135784.0,14.7292759088,721.734519531,VPN,30s
451852.0,4.426228057,407.2129812416,VPN,30s
2230940.0,9.0,1712.2827149094,VPN,120s
29789113.0,1121.7185285107,44892.1053809155,Non-VPN,30s
29861367.0,3846.8098262213,3797855.2689835,Non-VPN,30s
29998144.0,99.4394853228,11037.7828708336,Non-VPN,30s
275559.0,10.8869606872,3697.9376467472,VPN,15s
14995440.0,100.4305308814,11250.3534407793,VPN,15s
104.0,0.0,769230.769230769,Non-VPN,120s
59026435.0,8.0,102.6489233172,Non-VPN,120s
20115925.0,0.2982711459,16.106641877,VPN,30s
25726.0,233.2270854389,17997.3567596984,VPN,30s
8128086.0,0.0,615.7661225533,VPN,120s
14992493.0,100.383571965,11678.7114724683,VPN,15s
119423502.0,10.0,30.7393430817,Non-VPN,120s
55788.0,197.1750197175,22280.7772280777,VPN,15s
119993404.0,9.0,30.7266889437,Non-VPN,120s
10078099.0,0.3969002487,21.4326134324,VPN,15s
88.0,0.0,909090.909090909,VPN,120s
14763465.0,1.3546955271,625.056516204,VPN,15s
2582.0,1161.8900077459,58481.7970565453,Non-VPN,15s
5.0,0.0,18400000.0,VPN,120s
5167799.0,5.6116733642,1383.7612492282,Non-VPN,15s
10129112.0,13.525371227,2452.5348322736,VPN,30s
40795692.0,0.0,17.3302612443,Non-VPN,120s
20413637.0,0.538855472,26.1099969594,VPN,30s
130499.0,30.6515758741,2406.1487061204,VPN,15s
466953.0,32.1231472975,14945.8296659407,Non-VPN,30s
14998435.0,104.7442616513,12319.4186593468,Non-VPN,15s
119234969.0,0.0,234.8304380404,Non-VPN,120s
42.0,0.0,1904761.90476191,Non-VPN,120s
6727471.0,376.5159299832,305655.572502654,VPN,15s
14973806.0,2145.6802632544,88383.5412319353,Non-VPN,15s
0.0,0.0,0.0,Non-VPN,15s
119619453.0,11.0,16.8952452909,VPN,120s
5834616.0,2.9136450454,697.9036838071,VPN,15s
7.0,0.0,13100000.0,VPN,120s
2217446.0,6.3135697555,2054.615986139,Non-VPN,15s
201274.0,9.9367032006,2305.315142542,Non-VPN,30s
84710355.0,0.1062443901,27.3284181137,Non-VPN,30s
54163618.0,0.0,174.9698478414,VPN,120s
14447105.0,2.2149766337,310.0967287218,VPN,15s
888382.0,27.015405535,7055.5234122258,Non-VPN,30s
28783371.0,1.1812375972,126.5313920319,Non-VPN,30s
1000.0,3000.0,151000.0,Non-VPN,30s
1340456.0,29.8405915599,20236.3971663374,VPN,15s
14988979.0,0.4670097943,135.0325462461,Non-VPN,15s
14234157.0,2.529127647,228.1835165932,VPN,15s
268071.0,0.0,387.9569218603,VPN,120s
14444355.0,2.2153983338,310.1557667338,VPN,15s
55.0,0.0,1890909.09090909,VPN,120s
681639.0,63.0832449434,23871.8735283633,VPN,15s
14995376.0,100.4309595171,12951.1257336928,VPN,15s
280.0,7142.8571428572,1600000.0,Non-VPN,15s
65559470.0,3.0,42.9838740307,Non-VPN,120s
10047535.0,0.5971613933,156.0581774535,Non-VPN,15s
9785.0,306.5917220235,19110.8840061318,VPN,30s
707105.0,89.0956788596,56374.9372441151,VPN,30s
14991540.0,184.8375817294,164316.674604477,VPN,15s
4936507.0,22.2829624267,19703.2030948199,Non-VPN,15s
14993540.0,890.6502400367,39996.9586902092,Non-VPN,15s
119952391.0,1.0,2.5009922478,VPN,120s
10581730.0,9.6392555849,3045.3432472762,VPN,15s
64861.0,30.8351705956,6907.0782134102,Non-VPN,15s
90675865.0,0.0,2.6467903008,VPN,120s
237826.0,33.6380378932,18929.8058244263,Non-VPN,15s
35648088.0,0.8976638523,490.2927753096,Non-VPN,15s
5167799.0,5.6116733642,1383.7612492282,Non-VPN,30s
21930918.0,0.8663568028,353.5647709777,Non-VPN,30s
10223969.0,0.0,21.9092996076,VPN,120s
3358001.0,2.6801659678,994.9371664868,VPN,15s
29984479.0,71.2702061623,284830.295033641,Non-VPN,30s
14998765.0,100.0749061673,11108.3145845675,Non-VPN,15s
13110279.0,10.1447116419,3116.7147548881,Non-VPN,15s
14443012.0,2.2156043352,310.1846069227,VPN,15s
496393.0,0.0,209.5114153503,VPN,120s
20642488.0,10.4154111656,4425.9199763129,VPN,30s
14978171.0,36.1192297778,7912.9821658466,Non-VPN,15s
10076852.0,0.3969493647,21.4352656961,VPN,15s
249.0,0.0,1927710.84337349,Non-VPN,120s
14217705.0,97.9764314986,198028.162773106,Non-VPN,15s
10031197.0,0.5981340014,156.4120413546,Non-VPN,15s
823677.0,24.2813627186,2706.1578749923,VPN,30s
29995885.0,100.0470564546,11105.223266458,Non-VPN,30s
17161699.0,2.389040852,326.5410959603,VPN,30s
126499.0,237.1560249488,54743.5157590179,Non-VPN,15s
13528244.0,1.4044690501,201.5782683991,VPN,15s
13049069.0,6.2073393895,2277.7103868483,VPN,15s
3111049.0,27.6434090238,5574.6470081313,VPN,15s
14999440.0,75.6028225054,10809.1368744433,Non-VPN,15s
0.0,0.0,0.0,Non-VPN,120s
1670265.0,9.5793182519,2396.026977755,VPN,15s
8734264.0,9491.9274251385,46800000.0,Non-VPN,30s
14237164.0,2.5285934755,228.1353224561,VPN,15s
62785.0,111.4915983117,111857.927849009,Non-VPN,30s
282.0,7092.1985815603,1921985.81560284,Non-VPN,15s
272.0,7352.9411764706,1647058.82352941,Non-VPN,30s
57192.0,34.9699258638,1503.7068121416,Non-VPN,30s
16456165.0,12.0,406425.373104852,VPN,120s
132364.0,9.0,62751.2012329636,Non-VPN,120s
174.0,0.0,459770.114942529,VPN,120s
5171900.0,1.7401728572,346.4877511166,Non-VPN,30s
14961252.0,0.200517978,10.4269348581,Non-VPN,30s
57023.0,35.0735668064,2332.392192624,Non-VPN,15s
14714965.0,2.5144470272,1196.4690367935,Non-VPN,30s
306868.0,0.0,1567.4491963972,Non-VPN,120s
14997250.0,100.0850155862,11109.4367300672,Non-VPN,15s
33264290.0,0.6914321634,48.3100646369,VPN,15s
19896899.0,1.356995379,567.4251047864,VPN,30s
14898969.0,7.1145862509,1854.5578556476,VPN,15s
1333764.0,10.0,3223.9586613524,Non-VPN,120s
29100386.0,5.3263898286,1695.1665177225,Non-VPN,30s
90603996.0,0.0,3.4435567279,VPN,120s
823677.0,24.2813627186,2706.1578749923,VPN,15s
29998697.0,100.0376783032,11104.1822916509,Non-VPN,30s
14778232.0,11.2327374479,2320.507622292,VPN,15s
153318.0,110.8806532827,182803.062914987,Non-VPN,15s
9790929.0,0.4085414162,78.0314105025,Non-VPN,30s
216876.0,3.0,18568.2140946901,Non-VPN,120s
11146338.0,7.0875295545,2092.7052454358,VPN,15s
29271.0,102.4905196269,96375.2519558608,Non-VPN,15s
50483.0,39.6172969118,2416.6551116217,Non-VPN,15s
54.0,1.0,2500000.0,VPN,120s
0.0,0.0,0.0,VPN,120s
10077497.0,0.3969239584,21.4338937536,VPN,15s
29661261.0,1.7868424407,91.9718146845,VPN,30s
22341.0,0.0,4117.9893469406,VPN,120s
14991393.0,104.8601687648,12063.1885242419,Non-VPN,15s
209000.0,0.0,2267.9425837321,Non-VPN,120s
10104939.0,2.6719607115,857.4025038647,Non-VPN,15s
8303466.0,60.3362499467,292161.249290357,Non-VPN,30s
3032.0,3298.1530343008,756266.490765171,Non-VPN,30s
119998956.0,109.0,681.6392635949,VPN,120s
624321.0,254.676680746,230552.872640837,Non-VPN,30s
10074410.0,0.9926139595,347.3156244386,Non-VPN,15s
216881.0,96.8272923861,28891.4197186476,VPN,30s
14991689.0,114.0631986162,15509.660052313,VPN,15s
13114637.0,0.2287520425,66.1093402738,Non-VPN,30s
14998051.0,99.7462937018,11071.8386008955,Non-VPN,15s
11296654.0,5.6653943725,918.9446715815,Non-VPN,15s
5775.0,18354.9783549784,20200000.0,Non-VPN,15s
25089.0,119.574315437,6018.5738769979,Non-VPN,15s
14985899.0,0.533835174,214.8686575293,VPN,15s
7083585.0,4.0,266639.9852617,VPN,120s
13409331.0,13.0,1820.8216353225,Non-VPN,120s
10406960.0,0.5765372405,25.9441758208,Non-VPN,15s
5303557.0,0.0,100.1214845056,VPN,120s
16302606.0,4.5391515933,356.1393804156,VPN,30s
14798534.0,16.0150998741,5251.3309764332,Non-VPN,15s
0.0,0.0,0.0,Non-VPN,120s
28174965.0,5.0399352759,2643.5525297015,Non-VPN,30s
29998154.0,36.0688861055,7901.1528509388,Non-VPN,30s
14173679.0,625.243453023,560624.238773857,VPN,15s
5935321.0,0.6739315363,39.7619606421,Non-VPN,15s
14634184.0,8.8149773161,1507.0194552699,VPN,15s
119849778.0,170.0,1177.0401443714,Non-VPN,120s
31886.0,62.7234522988,2885.2788057455,VPN,15s
29998136.0,54.3367094542,6031.3747494178,Non-VPN,30s
7569346.0,2.1137889588,282.9834968569,VPN,15s
10077640.0,0.3969183261,21.4335896103,VPN,15s
10242631.0,10.4465346843,2426.6226128814,Non-VPN,15s
59350545.0,7.0,691.1478234951,Non-VPN,120s
14999796.0,100.4013654586,11326.554041135,VPN,15s
14988978.0,100.0735340328,11108.1622776416,Non-VPN,15s
14970448.0,100.3977970466,344691.087400992,Non-VPN,15s
0.0,0.0,0.0,VPN,30s
1430667.0,1.3979493481,72.6933661013,VPN,15s
29999317.0,100.0356108107,11103.9527999921,Non-VPN,30s
178499.0,151.2613516042,23921.7026425918,Non-VPN,30s
180525.0,155.1031713059,18041.8224622628,Non-VPN,15s
7728743.0,2.0,35062.7521189409,VPN,120s
10082818.0,1.1901434698,264.0134930532,VPN,15s
14997785.0,100.0147688475,11101.6393420762,Non-VPN,15s
29807300.0,2.1471250331,240.4780037105,Non-VPN,30s
6488221.0,35.9112305207,65735.2762798924,Non-VPN,30s
14992287.0,100.1181474181,11113.1143634057,Non-VPN,15s
52662.0,37.9780486879,8507.0829060803,Non-VPN,15s
63439.0,31.5263481455,7061.9019845836,Non-VPN,15s
6986415.0,9.7331750261,3002.6844955532,Non-VPN,15s
129257.0,0.0,804.5985904052,VPN,120s
14985511.0,99.9632244773,11095.9179169799,Non-VPN,15s
119994648.0,0.0,11095.8698757965,Non-VPN,120s
2431824.0,6.1682095415,1612.7811881123,VPN,15s
26121716.0,15.5426236163,12391.4141015851,VPN,30s
14999903.0,111.4673874891,15195.9649339066,VPN,15s
29648953.0,5.5651206301,1656.6183635557,VPN,30s
104889186.0,0.0,4.8908759765,Non-VPN,120s
14983722.0,19.8882493949,8530.7909476698,VPN,15s
4414185.0,930.1830349204,1007032.7818159,Non-VPN,15s
29769.0,2049.1114918204,1364237.96566898,Non-VPN,30s
4566645.0,163.577418433,124052.778352598,VPN,15s
321809.0,6.2148665824,1469.8159467262,Non-VPN,30s
13805128.0,1.231426467,426.580615551,VPN,15s
14812916.0,1.2826643991,109.5665431438,VPN,15s
242.0,1.0,979338.842975207,VPN,120s
41.0,1.0,2707317.07317073,Non-VPN,120s
35278.0,56.6925562674,2948.0129259028,VPN,30s
14592878.0,7.880556529,512.8529135925,VPN,15s
80.0,25000.0,1000000.0,VPN,30s
12994174.0,8.7731624957,2563.6104303359,VPN,15s
8533.0,10078.5186921364,406773.702097738,Non-VPN,15s
14722766.0,319.6410239761,280928.189716525,VPN,15s
3246807.0,10.0,1316.6782010757,VPN,120s
9372878.0,0.0,86.0994883322,Non-VPN,120s
13488290.0,0.1482767645,34.1036558378,Non-VPN,30s
14985571.0,7.273663446,2385.2944942839,Non-VPN,15s
20096577.0,4.8764523431,1438.404162062,VPN,30s
187617.0,0.0,2563.7335635897,Non-VPN,120s
14997159.0,99.8189057007,11079.8985327821,Non-VPN,15s
26939411.0,4.565801383,784.9095141687,Non-VPN,30s
4333205.0,2.0769845876,1064.8007652534,Non-VPN,30s
680244.0,29.4012148582,9271.6731055327,Non-VPN,15s
29808253.0,2.1470563874,240.4703153855,Non-VPN,30s
3555.0,3.0,792123.769338959,Non-VPN,120s
0.0,0.0,0.0,VPN,15s
15.0,133333.333333333,9000000.0,VPN,15s
3000460.0,10.3317491318,1426.7812268786,VPN,30s
29999431.0,104.6353179165,12147.9304057467,Non-VPN,30s
29997691.0,0.1000076973,6.4671644228,Non-VPN,30s
14675061.0,1.4991419797,118.6366448494,Non-VPN,15s
90307908.0,8.0,37.1506778786,VPN,120s
75795917.0,0.0,11.6628973563,Non-VPN,120s
10077098.0,0.3969396745,21.4347424229,VPN,15s
158140.0,18.9705324396,1106.6143923106,VPN,15s
29984721.0,100.0176056332,11101.9542252869,Non-VPN,30s
68093.0,73.4289868268,58860.6758403948,Non-VPN,30s
25623.0,1.0,18069.7030012099,VPN,120s
13147.0,152.1259602951,6997.7941735757,Non-VPN,30s
29750239.0,3.3613175343,344.3333682126,VPN,30s
14428435.0,2.2178427529,248.3983883214,Non-VPN,15s
2407099.0,7.477881051,3497.1557048547,VPN,15s
294.0,0.0,272108.843537415,VPN,120s
14999044.0,1218.2776448952,1130235.50034256,VPN,15s
273203.0,10.9808457447,3729.8272712964,VPN,15s
88138718.0,14.0,139.5527445725,VPN,120s
13696796.0,12.6306911485,2224.7538767461,Non-VPN,15s
12452162.0,6.6655091702,1996.360150149,VPN,15s
229173.0,0.0,453.8056402805,VPN,120s
172423.0,11.5993805931,498.7733655023,VPN,15s
280719.0,7.1245622847,359.7903953776,VPN,15s
90298579.0,6.0,26.4455988837,Non-VPN,120s
90304009.0,14.0,129.0308163395,VPN,120s
177.0,0.0,451977.401129944,VPN,120s
1301699.0,29.9608434822,26349.409502504,Non-VPN,30s
29807368.0,2.1471201349,300.5968188805,VPN,30s
411092.0,1.0,5743174.27729073,Non-VPN,120s
25553.0,1.0,18119.2032246703,VPN,120s
64171518.0,0.0,13.3080847488,Non-VPN,120s
272.0,7352.9411764706,1647058.82352941,Non-VPN,15s
6196340.0,526.2784159681,495757.011397051,VPN,15s
10431956.0,0.9585930002,118.9613913249,VPN,30s
29987033.0,114.2827301387,15501.1000921632,VPN,30s
32.0,1.0,4656250.0,VPN,120s
10078269.0,0.3968935538,21.4322519075,VPN,15s
15181041.0,2.2396356087,135.9590557723,VPN,30s
20115135.0,0.2982828601,16.1072744478,VPN,30s
27472375.0,4.6956260607,1165.2796673022,VPN,30s
239494.0,12.5264098474,7378.0554001353,VPN,15s
4810213.0,3.7420380345,875.8447910727,Non-VPN,15s
783820.0,2.5516062361,132.6835242785,VPN,30s
29985105.0,100.0496746635,11105.5138876452,Non-VPN,30s
24177327.0,0.3722495874,33.6265460611,Non-VPN,30s
3102415.0,9.9922157416,1370.5452043005,VPN,15s
67.0,0.0,1552238.80597015,VPN,120s
2976936.0,10.0,1472.9910216411,VPN,120s
1939781.0,41.7572911581,5131.5071134319,Non-VPN,30s
14462082.0,2.2126827935,309.775591094,VPN,15s
12702487.0,2.0468432678,264.2002310256,VPN,15s
20232692.0,0.9884992071,100.0855447214,VPN,30s
967458.0,19.6390954439,7065.9398134079,VPN,30s
9562402.0,1.568643527,475.6127173905,VPN,15s
29992687.0,100.5245045234,9282.7628281521,VPN,30s
119657120.0,8.0,144.3207056964,Non-VPN,120s
29999357.0,79.7350423211,12944.3107730609,Non-VPN,30s
14868143.0,5099.3590793417,5021651.7288003,Non-VPN,15s
29792741.0,4.6320007951,1088.0167084996,Non-VPN,30s
119991320.0,0.0,12156.97935484,Non-VPN,120s
275234.0,10.8998161564,3702.3042211355,VPN,15s
36013270.0,0.0,22.0751961707,Non-VPN,120s
28467326.0,4.9881748641,1113.5573464118,VPN,30s
32906516.0,1.0,22.6702820803,Non-VPN,120s
14979179.0,36.5841145232,6235.2549495537,Non-VPN,15s
1409274.0,0.0,40576.9211665013,VPN,120s
629047.0,2.0,266919.641934545,Non-VPN,120s
119994420.0,0.0,11090.3407008426,Non-VPN,120s
14436573.0,7.9658794369,1676.2981075911,VPN,15s
14445225.0,2.2152649059,310.1370868228,VPN,15s
10336290.0,1.3544511619,423.846467156,Non-VPN,30s
28122033.0,5.8317263194,1936.9865613912,Non-VPN,30s
11973981.0,12.1095899517,2035.9978857491,Non-VPN,15s
132572.0,15.0861418701,3620.6740488188,Non-VPN,15s
14985847.0,113.5070977303,15242.648613722,Non-VPN,15s
3746064.0,12.0,1224.7521665407,VPN,120s
295845.0,6.760296777,1592.0498909902,Non-VPN,30s
88.0,22727.2727272727,909090.909090909,VPN,15s
4702.0,638.0263717567,32113.9940450872,Non-VPN,15s
22968.0,174.1553465691,71839.0804597701,Non-VPN,30s
63767.0,91.0,23400000.0,Non-VPN,120s
25963.0,154.0654007626,12094.133959866,VPN,30s
29989196.0,112.3071122013,15355.1965847967,VPN,30s
10199827.0,1.5686540566,385.3986935269,Non-VPN,30s
115735101.0,10.0,31.572098425,Non-VPN,120s
281254.0,10.6665149651,3623.0595831526,VPN,15s
537713.0,1.0,1800.2168443017,VPN,120s
278101.0,10.7874477258,3664.1364108723,VPN,15s
29991505.0,0.2333994243,55.9158335002,VPN,30s
207014.0,0.0,502.3814814457,VPN,120s
610245.0,167.1459823514,154082.376750322,VPN,15s
10900789.0,3.4859861979,212.2782121551,VPN,15s
2113.0,19876.9522006626,809749.171793658,Non-VPN,30s
14453638.0,2.2139754711,309.9565659525,VPN,15s
29995724.0,0.3333808512,183.6595109356,VPN,30s
219697.0,0.0,2134.7583262402,Non-VPN,120s
14441899.0,2.2157750861,310.2085120523,VPN,15s
97666312.0,7.0,16.0137100293,Non-VPN,120s
109593478.0,8.0,144.2604093649,Non-VPN,120s
73.0,27397.2602739726,1095890.4109589,VPN,15s
286645.0,6.977271538,1562.9088245042,Non-VPN,15s
122790.0,32.5759426663,2557.2114993078,VPN,15s
6198107.0,1.613395832,153.2726040386,VPN,30s
0.0,0.0,0.0,VPN,15s
14989909.0,104.6704152774,12158.5794817033,Non-VPN,15s
14994288.0,100.1047865694,11111.6313092025,Non-VPN,15s
21612267.0,0.5552402254,262.4435465285,VPN,30s
10077121.0,0.3969387685,21.4346935003,VPN,15s
29998743.0,104.6710523838,12216.4785371174,Non-VPN,30s
26932873.0,64.4565472091,7510.5986650589,VPN,30s
106518520.0,90.0,1176.1992186899,VPN,120s
764651.0,62.773735992,120963.68147037,Non-VPN,15s
0.0,0.0,0.0,VPN,30s
170371.0,99.7822399352,44637.8785121881,VPN,30s
14966227.0,88.7999360159,458246.958301514,Non-VPN,15s
29991353.0,114.232925737,15507.5697985349,VPN,30s
20115790.0,0.2982731476,16.106749971,VPN,30s
14996647.0,100.0223583312,11102.4817747594,Non-VPN,15s
0.0,0.0,0.0,VPN,30s
29997410.0,100.0419702901,11104.6587022013,Non-VPN,30s
14999832.0,5.666730134,449.4050333364,VPN,15s
6124466.0,245.8989893976,409576.116513668,Non-VPN,15s
14979246.0,7.009698619,2241.0340280145,Non-VPN,15s
13765579.0,7.2644964661,1962.6490102596,Non-VPN,15s
119456.0,3.0,563847.776587195,Non-VPN,120s
29999982.0,0.10000006,7.5333378533,Non-VPN,30s
29990752.0,99.764087276,11073.8136876328,Non-VPN,30s
14999695.0,100.1353694192,11115.0260055288,Non-VPN,15s
25.0,80000.0,5400000.0,VPN,30s
119999190.0,0.0,12114.8567752832,Non-VPN,120s
119969751.0,179.0,1094.2258269753,VPN,120s
0.0,0.0,0.0,VPN,15s
205128.0,3.0,51792.0517920518,VPN,120s
62687077.0,0.0,14.6122621095,Non-VPN,120s
5873562.0,1.3620355076,140.8004205966,Non-VPN,15s
523257.0,3.8222135585,198.755105044,VPN,30s
913336.0,1825.1771527674,1675607.88143684,VPN,15s
14970087.0,242.9511598697,265143.95006522,Non-VPN,15s
14949977.0,4.682281451,365.1510634431,VPN,15s
0.0,0.0,0.0,VPN,120s
2218398.0,4315.7269344816,3789735.65609057,VPN,15s
612.0,3267.9738562092,130718.954248366,VPN,30s
14986739.0,0.333628283,110.8980412617,VPN,30s
13589919.0,8.5357388812,1782.1298272639,VPN,15s
24620520.0,4.9145996916,875.6923086921,Non-VPN,30s
36.0,55555.5555555556,2916666.66666667,VPN,30s
119991761.0,0.0,12583.3222832691,Non-VPN,120s
62527.0,4.0,82284.4531162538,VPN,120s
493189.0,0.0,22593.7723671858,VPN,120s
14993748.0,99.7082250549,11067.6129810905,Non-VPN,15s
10414897.0,0.0,21.5076538923,VPN,120s
29799845.0,6.4429865323,711.1781957255,VPN,30s
119535838.0,10.0,16.346562108,VPN,120s
14776106.0,4.2636402311,1629.1843060682,VPN,15s
0.0,0.0,0.0,Non-VPN,30s
163537.0,678.7454826736,31216.1773788195,Non-VPN,30s
25604.0,0.0,4061.8653335416,VPN,120s
14979931.0,77.1031588864,11026.5527925329,Non-VPN,15s
4916318.0,611.8399989586,561335.332661557,VPN,30s
8497.0,1.0,22007.7674473344,VPN,120s
1197976.0,0.0,86.8130914142,VPN,120s
91277526.0,6.0,24.5953204297,VPN,120s
11103185.0,2.6118631726,1371.7685510959,Non-VPN,15s
172527.0,11.5923884378,498.4727028233,Non-VPN,15s
119494771.0,6.0,73.3672270898,VPN,120s
12660706.0,8.9252526676,1903.369369765,VPN,15s
14423902.0,2.2185397544,248.4764524884,Non-VPN,15s
34.0,0.0,2352941.17647059,VPN,120s
81609183.0,0.0,2.4507045978,VPN,120s
20342277.0,2.0,61.0059532667,VPN,120s
29996222.0,104.4798241592,12290.8144899048,Non-VPN,30s
119989532.0,0.0,12130.2081584917,Non-VPN,120s
161114.0,0.0,3978.5493501496,VPN,120s
2363903.0,15.6520804788,2876.1755452741,VPN,15s
14777945.0,67.4654019892,251153.864762658,Non-VPN,15s
29999127.0,111.736584868,15249.0770814764,VPN,30s
14991066.0,104.7290432848,12254.765605061,Non-VPN,15s
10077516.0,0.39692321,21.4338533424,VPN,15s
14425398.0,2.2183096785,248.450683995,Non-VPN,15s
14978219.0,36.1858776401,7911.5547716321,Non-VPN,15s
30606.0,1699.0132653728,1484088.08730314,Non-VPN,15s
1352106.0,0.0,22290.4121422433,VPN,120s
10102232.0,9.0079103311,2502.5162756112,VPN,15s
2978682.0,10.0,1437.2128344013,VPN,120s
20117424.0,0.2982489209,16.1054417305,VPN,30s
470935.0,14.8640470553,7705.9466805398,VPN,15s
206.0,0.0,2334951.45631068,Non-VPN,120s
13207627.0,0.4542829685,20.3670197531,Non-VPN,15s
12966689.0,9.5629655342,1694.2644340433,Non-VPN,15s
327820.0,12.2018180709,1882.1304374352,Non-VPN,30s
90246971.0,2.0,39.2146125325,Non-VPN,120s
339797.0,85.3450736763,26857.2118058723,VPN,30s
426063.0,122.047678395,103482.348854512,Non-VPN,30s
375952.0,74.4775928842,23779.6314423118,VPN,15s
7744383.0,8.909683315,3140.4696797666,Non-VPN,15s
276.0,7246.3768115942,289855.072463768,VPN,15s
14443849.0,2.2154759441,310.1666321768,VPN,15s
113427809.0,0.0,14.0882559056,Non-VPN,120s
14959780.0,4.4118295857,1582.5767491233,Non-VPN,15s
20646813.0,1.2108406271,338.1151367041,VPN,30s
1254107.0,344.468215232,276130.34613474,VPN,15s
6605827.0,483.3611294998,464938.455094268,VPN,15s
114190074.0,135.0,1096.7678329029,Non-VPN,120s
59143249.0,0.0,6.3405377003,VPN,120s
14424849.0,2.2183941059,248.46013986,Non-VPN,15s
7964935.0,12.555030267,1723.0523538485,VPN,15s
851200.0,31.719924812,6952.537593985,VPN,15s
10077430.0,0.3969265974,21.4340362573,VPN,15s
28093725.0,4.805343542,1448.1881630151,Non-VPN,30s
90491470.0,10.0,400.1703143954,Non-VPN,120s
14744286.0,3.5267899714,700.4747466239,VPN,15s
237.0,1.0,1016877.6371308,VPN,120s
20185312.0,3939.3000217188,3890390.34918063,Non-VPN,30s
119982852.0,0.0,13103.6808493267,Non-VPN,120s
12.0,1.0,12100000.0,VPN,120s
22288424.0,0.538396075,327.2550809335,Non-VPN,30s
25915979.0,5.3249001321,891.7278409587,Non-VPN,30s
14988324.0,104.0810166634,11228.7404515675,Non-VPN,15s
10977998.0,0.0,79.7048787948,Non-VPN,120s
14997821.0,104.615197101,12189.9707964244,Non-VPN,15s
14422551.0,2.2187475711,248.4997279607,Non-VPN,15s
14935757.0,2.6111833501,755.3015223802,VPN,15s
10077785.0,0.3969126152,21.433281222,VPN,15s
10262952.0,1.4615677828,619.9970534794,VPN,15s
14666897.0,1.2954342012,65.794421274,Non-VPN,15s
28674279.0,146.1239879824,322290.126283559,Non-VPN,30s
7673459.0,4.0,807.9798171854,Non-VPN,120s
14998534.0,99.9431011057,11093.684222738,Non-VPN,15s
14423766.0,2.2185606727,248.4787953437,Non-VPN,15s
79466885.0,3.0,38.468854039,VPN,120s
10553277.0,9.0967004846,2801.1204481793,VPN,30s
14930724.0,188.6043838196,172961.739832576,VPN,15s
25144591.0,4.7723981671,822.5625940784,Non-VPN,30s
3957844.0,6.8218959615,2144.3492972437,VPN,30s
119975038.0,102.0,657.0616797804,VPN,120s
0.0,0.0,0.0,VPN,120s
12467015.0,11.7911143927,1708.8292586477,Non-VPN,15s
15048446.0,0.3987122657,21.3975582595,Non-VPN,30s
60477842.0,0.2810946859,97.4571810945,Non-VPN,30s
172693.0,133.1843213101,28518.816628352,Non-VPN,30s
306557.0,97.8610829307,74687.5784927436,Non-VPN,30s
117900890.0,5.0,40.4237830605,VPN,120s
118753.0,0.0,774.7172703005,VPN,120s
12400063.0,11.6128442251,4418.2840038797,VPN,15s
3599592.0,4.4449482052,1506.5596323139,Non-VPN,30s
14991119.0,114.667891036,15071.7234650729,VPN,15s
2491.0,1.0,60618.2256122039,Non-VPN,120s
105520559.0,11.0,92718.7468747204,Non-VPN,120s
91103779.0,19.0,94.6063938797,Non-VPN,120s
8302011.0,0.9636219465,175.6200997566,VPN,15s
109666866.0,4.0,72.1184099489,Non-VPN,120s
8585744.0,145.1242897529,299691.325527526,Non-VPN,15s
1069305.0,37.4074749487,4444.9432107771,Non-VPN,15s
2248553.0,3.5578436443,2764.8892421037,Non-VPN,15s
17141657.0,1.2834231837,167.2533757968,Non-VPN,30s
29988984.0,4.7684176296,1343.7267497959,VPN,30s
29626815.0,131.1987130577,255732.923029357,Non-VPN,30s
284634.0,1.0,916981.105560123,Non-VPN,120s
29810073.0,2.1469253027,300.5695423825,VPN,30s
29087041.0,5.9820454064,1787.2220140921,Non-VPN,30s
11669006.0,0.5141826133,143.1998578114,VPN,15s
2087700.0,522.5846625473,1066609.18714375,Non-VPN,15s
14859321.0,992.7775300096,44129.3380767533,Non-VPN,15s
20031010.0,2.0,282.2124296279,Non-VPN,120s
84750439.0,3.0,36.0706096165,VPN,120s
29981544.0,9.1723094715,1084.4004564942,VPN,30s
29964826.0,1192.1978121949,67787.1448344135,Non-VPN,30s
108506378.0,0.0,238.6864300272,VPN,120s
131330.0,213.2033807965,69298.7131653088,VPN,15s
907.0,2205.0716648291,493936.05292172,Non-VPN,15s
17170251.0,5.0,129825.475469171,VPN,120s
43002377.0,0.0697635854,3.5579428551,Non-VPN,30s
188135.0,2.0,9870.5716639647,Non-VPN,120s
29999580.0,100.4347394197,12645.4437028785,VPN,30s
111518105.0,174.0,737.3511233893,VPN,120s
280628.0,7.1268725858,359.9070655815,VPN,15s
583113.0,10.2896008149,1215.8878296317,VPN,30s
14991110.0,9.1387495656,3380.1366276413,VPN,15s
29984118.0,104.5553516031,12140.427142129,Non-VPN,30s
29991411.0,0.2000572764,43.045657305,VPN,30s
20117138.0,0.2982531611,16.1056706973,VPN,30s
14994094.0,79.164503037,12316.3827037499,Non-VPN,15s
14999802.0,60.0007920105,8025.0392638516,VPN,15s
86.0,23255.8139534884,930232.558139535,VPN,15s
14963279.0,10.8933342752,1962.0031144243,Non-VPN,15s
29929917.0,14.8680666238,9662.8400272543,Non-VPN,30s
8261173.0,0.0,49633.7505581835,Non-VPN,120s
29924693.0,4.2105695119,739.3559559659,VPN,30s
173765.0,143.8724714413,29137.052916295,VPN,15s
2510.0,4382.4701195219,1786852.58964143,Non-VPN,30s
12240348.0,0.5718791655,230.0588185891,VPN,15s
29694669.0,4.7146509698,819.0022256183,VPN,30s
92.0,0.0,869565.217391304,VPN,120s
0.0,0.0,0.0,VPN,120s
14979906.0,78.4384094266,13261.8989731978,Non-VPN,15s
174037.0,11.491809213,494.1477961583,Non-VPN,30s
12008390.0,9.5766376675,2004.5151764725,VPN,15s
170235.0,88.1134901753,24107.8509119746,VPN,15s
123773.0,234.2998876976,30353.9544165529,Non-VPN,30s
116448045.0,111.0,162.3642543763,VPN,120s
90496050.0,8.0,109.2865379207,Non-VPN,120s
5514418.0,3.0828275985,1025.1308478973,Non-VPN,15s
11555535.0,4.3269307739,1785.5512531441,VPN,15s
289.0,6920.4152249135,276816.60899654,Non-VPN,30s
14442556.0,2.1464344677,301.0547440495,VPN,15s
218308.0,1.0,3760.741704381,Non-VPN,120s
5711.0,525.302048678,32743.827700928,VPN,15s
100332707.0,29.0,241.1277510932,VPN,120s
29813480.0,2.1466799582,300.5351941471,VPN,30s
104178887.0,0.0,4.5978606011,VPN,120s
441300.0,124.6317697711,79678.2234307727,VPN,30s
308886.0,16.1872017508,6329.1958845658,VPN,15s
14991990.0,59.6985456901,7900.0186099377,VPN,15s
836.0,1.0,180622.009569378,Non-VPN,120s
46572.0,31156.0594348536,31200000.0,Non-VPN,15s
29984237.0,100.0525709559,11105.8353761011,Non-VPN,30s
2723229.0,5.5081669592,1444.9757989504,VPN,15s
141.0,28368.7943262411,3248226.95035461,VPN,15s
37238.0,1.0,4054.997583114,Non-VPN,120s
13736879.0,0.2911869574,60.1301067004,Non-VPN,30s
315736.0,15.8360148985,6191.8818253224,VPN,15s
29997812.0,0.2333503524,55.8707415061,VPN,30s
61864518.0,7.0,165.5068257381,VPN,120s
119996392.0,0.0,300080.155743349,VPN,120s
94846.0,73.8038504523,39116.0407397255,Non-VPN,30s
14881028.0,5.711970974,778.440844275,VPN,15s
10216280.0,0.391531947,21.9257890348,VPN,30s
14442545.0,2.2156759768,310.1946367486,VPN,15s
29826918.0,0.0670535253,2.8833015868,VPN,30s
276965.0,7.2211290235,397.1620962938,VPN,30s
0.0,0.0,0.0,VPN,15s
119999309.0,0.0,15518.606027973,Non-VPN,120s
14995841.0,10.0027734356,1746.7509824891,Non-VPN,15s
944445.0,28.5882184775,4460.8209053995,Non-VPN,15s
0.0,0.0,0.0,VPN,15s
119038635.0,11.0,47.0939539923,Non-VPN,120s
35790.0,83.8222967309,4219.0556021235,Non-VPN,30s
14425767.0,2.2182529359,248.444328818,Non-VPN,15s
166157.0,12.0368085606,601.8404280289,VPN,15s
18812034.0,0.3189447776,81.9688078386,Non-VPN,30s
25246716.0,0.4357002313,151.2275893625,VPN,30s
13173748.0,3.0363416698,851.9974725492,VPN,15s
53083.0,96.0,29600000.0,Non-VPN,120s
14846368.0,2.9636878191,162.8681169698,VPN,15s
13711032.0,3.6466985126,1473.1932651022,VPN,15s
14442901.0,7.6161984355,2226.1455645234,Non-VPN,15s
6189862.0,458.6531977611,442274.157323701,VPN,15s
6544337.0,0.4584116007,92.9047510848,Non-VPN,15s
30002202.0,1.0,7.799427522,Non-VPN,120s
14440223.0,2.2160322593,310.244516307,VPN,15s
14992884.0,113.3204258767,15529.3671317673,Non-VPN,15s
16065652.0,2.0,109.1147748003,Non-VPN,120s
358.0,5586.592178771,1332402.23463687,Non-VPN,30s
14740297.0,0.2713649528,18.3849755537,VPN,30s
2836703.0,44.0652405275,10639.4641948769,VPN,15s
119998440.0,0.0,11339.7224163914,VPN,120s
0.0,0.0,0.0,VPN,30s
14966150.0,3.0736027636,315.7124577797,VPN,15s
14963884.0,6032.056917843,5949636.33773157,Non-VPN,15s
838483.0,23.8526004701,2658.3723223965,VPN,15s
129982.0,200.0276961425,67732.4552630364,Non-VPN,30s
249.0,8032.1285140562,1927710.84337349,Non-VPN,30s
0.0,0.0,0.0,Non-VPN,15s
28518911.0,5.7505702094,3059.6189314522,Non-VPN,30s
7800.0,9.0,12900000.0,Non-VPN,120s
14882709.0,1080.2468824728,43217.6695788381,Non-VPN,15s
1429792.0,27.9760972225,18951.7076609745,VPN,15s
1996058.0,4.5088870163,135.2666104893,Non-VPN,15s
345143.0,2312.0851357264,2450569.76383702,Non-VPN,15s
13533200.0,0.2955694145,66.2075488428,Non-VPN,30s
1235217.0,1028.9689989694,892490.145456224,Non-VPN,30s
14993260.0,59.693488941,190869.230574271,Non-VPN,15s
14980552.0,76.4324305273,10409.830024955,Non-VPN,15s
217556.0,9.1930353564,2105.2050966188,Non-VPN,15s
29023235.0,3.8245219735,323.2582446443,VPN,30s
29640521.0,2.057993515,110.1195218532,VPN,30s
8209873.0,1.0962410746,604.8814640616,VPN,15s
14955669.0,5.9509206843,2434.8626597714,VPN,15s
116416750.0,51.0,883.6099616249,Non-VPN,120s
20117155.0,0.298252909,16.1056570872,VPN,30s
109984696.0,3.0,57.0806687505,Non-VPN,120s
135659.0,14.7428478759,744.5138177342,VPN,15s
29980992.0,0.366899134,20.9466051023,VPN,30s
29805132.0,2.1137299442,296.1906023432,VPN,30s
10077294.0,0.3969319542,21.4343255243,VPN,15s
10078568.0,0.3968817792,21.4316160788,VPN,15s
90225818.0,8.0,38.3482253383,VPN,120s
12476814.0,284.5277648605,247844.842441348,VPN,30s
220269.0,49.9389382982,17664.7644471079,Non-VPN,15s
91281564.0,6.0,70.0360480239,VPN,120s
14999652.0,100.8690068276,12084.7470327978,VPN,15s
29995184.0,79.7794739315,12001.8600319305,Non-VPN,30s
46.0,43478.2608695652,1739130.43478261,VPN,30s
128.0,23437.5,1460937.5,VPN,15s
108510700.0,0.1935293017,58.4919275242,Non-VPN,30s
107034423.0,229.0,824.2488493632,VPN,120s
6198107.0,1.613395832,153.2726040386,VPN,15s
14993302.0,113.5840523989,15541.1396368859,Non-VPN,15s
14350579.0,113.5842672271,121049.540927931,Non-VPN,15s
24873969.0,0.5628373984,221.2755029163,VPN,30s
14996144.0,100.0257132767,11102.8541737129,Non-VPN,15s
107409377.0,12.0,53.0028211596,Non-VPN,120s
29800275.0,2.147631188,240.5346930523,Non-VPN,30s
14767115.0,9.1419346297,3255.7476528083,VPN,15s
8254587.0,3.8766324711,734.985287574,VPN,30s
59.0,33898.3050847458,1355932.20338983,VPN,15s
530.0,3773.5849056604,150943.396226415,Non-VPN,30s
12650955.0,3.4779983013,955.1057607904,VPN,15s
116105199.0,213.0,1501.1644741249,Non-VPN,120s
361324.0,0.0,503.7030476802,VPN,120s
119995461.0,0.0,11100.4198733817,Non-VPN,120s
26945991.0,4.9729104415,852.0005814594,Non-VPN,30s
112085633.0,14.0,55.5646592102,Non-VPN,120s
64.0,31250.0,1250000.0,VPN,15s
23929435.0,0.752211659,242.7136286335,Non-VPN,30s
26058.0,153.5037224653,12050.0422135237,VPN,30s
29885913.0,77.4612440316,92971.0261821347,VPN,30s
27757170.0,3.2784322033,607.33857234,VPN,30s
40592.0,49.2707922743,2020.1024832479,Non-VPN,15s
143.0,13986.013986014,559440.559440559,VPN,30s
119999388.0,5.0,3.2500165751,Non-VPN,120s
14998039.0,113.5481778651,15493.6922086948,Non-VPN,15s
779804.0,61.553928936,7631.4048145431,VPN,15s
95746546.0,6.0,38.6123589252,Non-VPN,120s
29835866.0,1.5417685547,291.9305241551,VPN,30s
10687420.0,6.9240284372,2818.6409816401,VPN,15s
0.0,0.0,0.0,VPN,15s
280951.0,7.1186790579,355.9339528957,VPN,30s
12903660.0,2.169926982,297.1250017437,VPN,15s
55831.0,268.667944332,92135.1937095879,VPN,30s
11384592.0,3.6013587487,1883.3349495529,VPN,15s
2620627.0,11.8292301804,2986.3082384483,Non-VPN,30s
14987635.0,100.0825013419,11109.1576489553,Non-VPN,15s
28042415.0,1.3907504043,652.22627937,VPN,30s
13859985.0,15.0072312488,2430.7385614054,VPN,15s
257665.0,11.6430248579,679.1764500417,VPN,15s
119826243.0,4.0,2.8708235474,VPN,120s
118753.0,16.8416797891,774.7172703005,VPN,15s
5547242.0,15.1426600823,4039.6651164669,VPN,15s
175715.0,11.3820675526,489.4289047606,Non-VPN,15s
152675.0,157.196659571,41120.0261994433,Non-VPN,15s
20117714.0,0.2982446216,16.105209568,VPN,30s
3916096.0,4.0857016784,1433.3152200559,Non-VPN,15s
10139278.0,2.5642851493,776.6825211815,VPN,15s
866106.0,21.9372686484,2351.9061177269,VPN,15s
14441772.0,2.2157945715,310.2112400057,VPN,15s
0.0,0.0,0.0,VPN,30s
15004021.0,0.199946401,10.3972128538,Non-VPN,15s
0.0,0.0,0.0,VPN,30s
29998861.0,0.1000037968,6.4669121938,Non-VPN,30s
2668623.0,5.6208763846,1480.1641146014,VPN,30s
53382.0,561.9871866921,437713.086808287,Non-VPN,15s
10361132.0,0.5790873044,26.0589286962,VPN,15s
14429341.0,2.2177034973,248.382791702,Non-VPN,15s
14895870.0,10.33843609,2727.1317485988,VPN,15s
344.0,1.0,933139.534883721,VPN,120s
10424769.0,0.7674030955,167.5816509699,VPN,15s
119998651.0,0.0,13402.5590004341,Non-VPN,120s
14992025.0,100.1198970786,11113.3085757261,Non-VPN,15s
69000.0,217.3913043478,70014.4927536232,VPN,15s
380308.0,78.8834313241,18269.402694658,Non-VPN,30s
29998710.0,113.0715287424,15455.8312674112,Non-VPN,30s
27294659.0,4.6895621594,2331.3718628982,Non-VPN,30s
536539.0,1.0,348.5301161705,VPN,120s
1301095.0,295.9046034302,264982.956663426,VPN,15s
0.0,0.0,0.0,VPN,120s
27.0,0.0,3407407.40740741,VPN,120s
11860638.0,5.9018747558,3399.4798593465,Non-VPN,15s
13300417.0,9.1726447374,693.3617194108,VPN,15s
27636743.0,2.17102283,448.6780515345,Non-VPN,30s
22753681.0,5.1420251519,1470.8389381041,VPN,30s
14996206.0,100.0252997325,11102.8082703052,Non-VPN,15s
1197976.0,1.6694825272,86.8130914142,VPN,15s
101091601.0,207.0,661.1330648527,VPN,120s
13134373.0,9.2886047929,2547.0572519906,Non-VPN,15s
95.0,0.0,842105.263157895,Non-VPN,120s
160824.0,12.4359548326,621.7977416306,VPN,15s
14989644.0,113.144781824,14916.9653395371,VPN,15s
14980815.0,100.1280637936,11114.2150810887,Non-VPN,15s
36309.0,743.6172849707,632184.857748768,Non-VPN,30s
5732561.0,1.5699789326,563.2735526059,VPN,15s
110467893.0,0.0,11.7319156255,VPN,120s
13425735.0,2.7559012598,1321.8643150636,Non-VPN,15s
2987108.0,6.3606672407,2439.4832727843,Non-VPN,15s
112382249.0,4.0,36.2690730633,VPN,120s
14427128.0,2.2180436744,248.4208915316,Non-VPN,15s
23283057.0,0.3435974924,14.3022456201,Non-VPN,30s
12183943.0,108.913838484,259326.229612204,Non-VPN,15s
14997619.0,100.1492303545,11116.5645693493,Non-VPN,15s
614.0,4885.993485342,379478.827361564,VPN,30s
99423.0,70.406244028,35545.0951993,Non-VPN,15s
29682103.0,1.8529684369,126.3387570618,VPN,30s
14999244.0,1833.4924080174,3321293.32651699,Non-VPN,15s
1103572.0,1.8122967962,435.8573794913,Non-VPN,30s
85725.0,23.3304170312,1073.1991834354,VPN,30s
3441.0,3777.971519907,1031095.61174077,Non-VPN,15s
10501553.0,1.0,379.1820124128,Non-VPN,120s
0.0,0.0,0.0,Non-VPN,15s
29802486.0,2.1474718586,240.5168481582,Non-VPN,30s
51.0,0.0,2039215.68627451,VPN,120s
58984692.0,7.0,1655.4973280186,Non-VPN,120s
14991306.0,2.8016238212,1223.2423245847,Non-VPN,15s
14423873.0,2.2185442149,248.4769520641,Non-VPN,15s
10511176.0,0.5708210004,30.6340603563,VPN,15s
2385521.0,10.0,1608.4536669348,VPN,120s
14986872.0,100.0875966646,11109.7232297707,Non-VPN,15s
14038956.0,451.6717624872,376527.357162456,VPN,15s
14947217.0,3.7465168265,523.9102369357,VPN,15s
2270405.0,7.0472008298,1971.4544321388,VPN,15s
10224681.0,1.956051245,696.6476509145,Non-VPN,15s
147.0,13605.4421768707,544217.68707483,VPN,30s
286340.0,6.9847034993,349.2351749668,VPN,15s
2991301.0,0.6686053995,34.7674807717,Non-VPN,15s
3125381.0,1.2798439614,67.8317299555,VPN,30s
29009850.0,1.6890814672,528.0275492634,Non-VPN,30s
261.0,0.0,1842911.87739464,Non-VPN,120s
413435.0,4.8375198036,1107.7920350237,Non-VPN,30s
30530.0,98.2640026204,92400.9171306911,Non-VPN,30s
10164463.0,3.0,286.1931810859,Non-VPN,120s
813306.0,41.8046836,36437.6999554903,Non-VPN,15s
3339676.0,10.4800585446,3287.7440805635,VPN,15s
14493472.0,6.071699038,826.8550144506,VPN,15s
71.0,28169.014084507,1985915.49295775,VPN,30s
71.0,0.0,1464788.73239437,VPN,120s
14989245.0,291.1420822063,261964.228351728,VPN,15s
182658.0,21.8988492155,1138.7401592046,VPN,15s
72477.0,206.9622087007,71015.6325454972,VPN,30s
20123344.0,0.2981611804,16.1007037399,VPN,30s
1045723.0,25.819456969,4027.835287165,Non-VPN,15s
14990365.0,104.5338122187,12173.3526835404,Non-VPN,15s
121.0,16528.9256198347,661157.024793388,VPN,15s
12175578.0,0.0,69.1548278037,Non-VPN,120s
14275629.0,4.5532144328,381.7695178265,Non-VPN,15s
29999416.0,101.3686399762,13101.6883795338,Non-VPN,30s
20135091.0,0.3476517687,78.5692997365,VPN,30s
23068215.0,6.8059015403,1890.9135362229,VPN,30s
56.0,0.0,1857142.85714286,VPN,120s
0.0,0.0,0.0,Non-VPN,30s
147653632.0,51.0,198.5389699049,VPN,120s
26385414.0,9.1338343223,1707.3069234388,VPN,30s
98.0,0.0,816326.530612245,VPN,120s
318.0,6289.3081761006,1408805.03144654,Non-VPN,15s
14998684.0,100.4754817156,10796.4138720437,VPN,15s
29998903.0,99.7369803822,11070.8048224297,Non-VPN,30s
64554364.0,0.0,13.5079945951,Non-VPN,120s
391977.0,178.5819065915,185148.618413836,Non-VPN,15s
3187.0,0.0,476937.558832758,Non-VPN,120s
29973040.0,5.1045873225,1166.6150647382,VPN,30s
956.0,2092.050209205,83682.0083682008,VPN,15s
29898083.0,12.1077996874,12024.2157331626,Non-VPN,30s
14968316.0,19.5078724955,13597.5215916072,VPN,15s
29999526.0,100.5349217851,11405.1468679872,VPN,30s
1746170.0,1.0,121.408568467,VPN,120s
14700616.0,6.1221924306,1620.5443363734,VPN,15s
29126571.0,114.6719261941,252541.193400349,Non-VPN,30s
9145799.0,1.5307574549,228.5202200486,VPN,15s
463339.0,4.0,18578.190050913,Non-VPN,120s
20146479.0,2.0,250.713784776,Non-VPN,120s
13708766.0,4.3038155294,1778.7158960916,Non-VPN,15s
14275966.0,0.2801911969,52.1155626176,Non-VPN,15s
29998411.0,76.4040468677,10723.4346512554,Non-VPN,30s
11357455.0,0.3521915781,65.5076335323,Non-VPN,15s
14953306.0,0.0,10.432475601,Non-VPN,120s
27890017.0,0.501971727,131.3731719848,Non-VPN,30s
119998558.0,0.0,11101.0583977184,Non-VPN,120s
25854.0,116.0362032954,10133.8284211341,VPN,30s
62771106.0,99.0,570.724371178,VPN,120s
15108880.0,0.2647449712,59.3028735419,Non-VPN,30s
928995.0,17.2229129328,9015.1184882588,VPN,30s
207696.0,0.0,2282.181650104,Non-VPN,120s
1277128.0,1.5660137433,81.4327146535,VPN,30s
5005003.0,3975.2223924741,3927383.65990989,Non-VPN,15s
90285210.0,9.0,113.4626590557,VPN,120s
29756834.0,9.7456604422,3943.8671466192,VPN,30s
201640.0,3.0,22683.9912715731,Non-VPN,120s
14606661.0,3.4230958054,182.1771587634,VPN,15s
119999623.0,0.0,11100.9598755156,Non-VPN,120s
29997856.0,26.7352440121,6074.3007766955,VPN,30s
198831.0,50.2939682444,10330.3810773974,Non-VPN,30s
2158021.0,13.4382380894,1715.9239877647,VPN,30s
27472086.0,5.7876930059,1825.0161272792,Non-VPN,30s
15873294.0,2.3939580531,478.602613925,VPN,30s
2918904.0,9.9352359653,1423.1369034405,VPN,15s
90291133.0,6.0,26.4477797615,Non-VPN,120s
3092291.0,10.0,1415.4554018364,VPN,120s
155046.0,12.8993975981,3044.2578331592,VPN,30s
7117908.0,8.429443033,2715.1236009232,Non-VPN,15s
27194988.0,3.8977770463,1250.0465159242,VPN,30s
237596.0,25.2529503864,9255.2063166047,Non-VPN,15s
765.0,2614.3790849673,104575.163398693,Non-VPN,15s
235284.0,76.5032896415,23333.5033406436,Non-VPN,30s
145701.0,0.0,713.7905711011,VPN,120s
14442739.0,2.215646215,310.190470104,VPN,15s
116859081.0,134.0,220.4963429415,Non-VPN,120s
28806497.0,596.0113789608,547698.284869556,VPN,30s
14789625.0,4.4625877938,425.2981397432,VPN,15s
29023484.0,3.4454857315,1498.6829286243,VPN,30s
12796856.0,2.1098932425,287.0236251779,Non-VPN,15s
4275450.0,0.0,207.6974353577,Non-VPN,120s
13535298.0,0.8865708018,250.4562514989,VPN,15s
29975979.0,77.4286637978,367496.320970868,Non-VPN,30s
14985067.0,113.3128066761,15468.9999050388,Non-VPN,15s
0.0,0.0,0.0,Non-VPN,15s
7788899.0,0.0,103.4806074645,Non-VPN,120s
88301.0,5.0,38651.8838971246,Non-VPN,120s
14998116.0,100.0125615777,11101.3943351285,Non-VPN,15s
29948440.0,2.1703968554,176.9708205169,VPN,30s
0.0,0.0,0.0,VPN,15s
14988088.0,99.8793174953,11086.604241982,Non-VPN,15s
294929.0,20.3438793744,9263.2464084576,VPN,30s
15002438.0,0.1999674986,10.398309928,Non-VPN,15s
0.0,0.0,0.0,Non-VPN,15s
17037214.0,2.0,320.6510172379,Non-VPN,120s
29674472.0,3.9427828741,301.6734383682,VPN,30s
0.0,0.0,0.0,VPN,15s
21373602.0,0.0,29.6159720762,Non-VPN,120s
14659267.0,9.0727592314,1572.1795639577,Non-VPN,15s
102550.0,0.0,35485.1292052657,Non-VPN,120s
84392.0,236.9892880842,40726.6091572661,Non-VPN,15s
436245.0,0.0,169794.496211991,VPN,120s
29924822.0,8.187183202,1812.6757779879,VPN,30s
3791780.0,1.5823702852,532.4676009684,VPN,15s
14999455.0,187.2734709361,25727.0680834737,Non-VPN,15s
29993225.0,113.392274422,15475.0947922406,Non-VPN,30s
29802980.0,2.1474362631,300.6410768319,VPN,30s
14734354.0,1.085897624,171.1646129854,VPN,15s
128996.0,15.5043567242,3659.0281869205,VPN,30s
174597.0,28.6373763581,1638.0579276849,VPN,30s
209839.0,14.2966750699,4856.1039654211,VPN,30s
14991193.0,99.9920419943,11099.1166613624,Non-VPN,15s
5360329.0,310.4287068947,282929.648534633,Non-VPN,15s
11974518.0,6.5138321225,1690.3394357919,Non-VPN,15s
32276715.0,14.0,147.8775024038,Non-VPN,120s
188135.0,53.1533207537,9870.5716639647,Non-VPN,30s
20355.0,98.2559567674,8892.1640874478,Non-VPN,15s
3253.0,614.8170919152,24592.6836766062,VPN,30s
14992507.0,104.3854773588,12060.8914839926,Non-VPN,15s
27127142.0,0.5160882779,134.9202212308,Non-VPN,30s
104794212.0,0.0,4.5708631313,VPN,120s
2745419.0,13.1127525525,2786.4599174115,Non-VPN,15s
29987778.0,113.5796056647,15111.6898357724,VPN,30s
29809812.0,2.1469441002,240.4577392169,Non-VPN,30s
17714202.0,0.2258075187,50.5808841968,Non-VPN,30s
14470521.0,7.1179192511,1579.4179076206,VPN,15s
46.0,43478.2608695652,1739130.43478261,VPN,15s
16497182.0,1.7578759815,527.7871093378,Non-VPN,30s
172970.0,3278.0250910563,6940041.62571544,Non-VPN,15s
118148725.0,44.0,199.4096847004,Non-VPN,120s
14988978.0,101.8748576454,13178.0832555762,Non-VPN,15s
63.0,31746.0317460317,1269841.26984127,VPN,15s
7.0,285714.285714286,14900000.0,Non-VPN,15s
2461287.0,12.1887451565,917.8125102843,VPN,15s
25191672.0,0.8336088212,218.762772078,VPN,30s
19157324.0,0.2087974291,10.2310740268,VPN,30s
14.0,142857.142857143,9642857.14285714,VPN,30s
10077761.0,0.3969135605,21.433332265,VPN,15s
127523.0,1.0,2462.3009182657,VPN,120s
14991556.0,113.463872596,15480.047568111,Non-VPN,15s
20117831.0,0.2982428871,16.1051159044,VPN,30s
65065.0,230.5386920772,74248.828094982,VPN,30s
280684.0,7.1254506848,359.8352595802,VPN,15s
30507.0,0.0,92470.580522503,Non-VPN,120s
171557.0,104.9213963872,59408.8262210228,Non-VPN,15s
14979483.0,78.8411722888,12068.9746101384,Non-VPN,15s
15235443.0,1.9690927267,738.4754089527,Non-VPN,30s
12930946.0,2.1653481501,658.4978392145,VPN,15s
13492704.0,2.8163368884,1585.4494399344,VPN,15s
245.0,8163.2653061225,1828571.42857143,Non-VPN,15s
175807.0,6.0,41289.595977407,VPN,120s
14780182.0,5.2773369097,1072.2466069768,Non-VPN,15s
282691.0,180.4089978103,74484.154076359,Non-VPN,15s
28292788.0,3.499124936,323.7220736253,VPN,30s
272349.0,11.0152781909,3741.5228254923,VPN,15s
2570504.0,7.0025177942,1389.6107533776,Non-VPN,30s
28210472.0,0.6735087594,201.4500147321,VPN,30s
172737.0,11.5782953276,497.8666990859,Non-VPN,15s
71978766.0,0.1111438893,18.4637786094,Non-VPN,30s
10099539.0,0.8911297833,168.5225434547,VPN,15s
14988602.0,113.0859302289,15498.7102866565,Non-VPN,15s
14997931.0,100.4138504171,12552.7981159535,VPN,15s
14989392.0,100.4710531288,11236.1462025945,VPN,15s
14996273.0,100.691685194,11672.5002272231,VPN,15s
14944732.0,5.2192304285,477.4257577854,VPN,15s
4206204.0,526.6030843963,405370.733326296,VPN,15s
14443365.0,2.2155501852,310.1770259216,VPN,15s
124706634.0,3.0,45.0096343712,Non-VPN,120s
14781733.0,5.75034064,1487.7146001758,Non-VPN,15s
9543463.0,3.1435129994,815.11292075,VPN,15s
268477.0,7.4494276977,387.3702402813,VPN,30s
232.0,8620.6896551724,1931034.48275862,Non-VPN,15s
28799.0,69.4468557936,2777.8742317442,VPN,30s
142795017.0,3.0,30.7013514344,Non-VPN,120s
0.0,0.0,0.0,VPN,30s
104381728.0,79.0,1076.3665456851,VPN,120s
131472.0,212.9731045394,67824.3276134842,VPN,30s
14984204.0,16.283814609,3854.258791458,Non-VPN,15s
6915.0,433.8394793926,27042.6608821403,VPN,30s
14998116.0,111.6806937618,15145.1688998805,VPN,15s
2355848.0,7.6405608511,930.4505214258,Non-VPN,30s
8478901.0,5.0,329551.318030485,VPN,120s
691468.0,24.5853748836,2812.8561263862,VPN,30s
9764.0,9.0,10400000.0,Non-VPN,120s
14999522.0,104.2033206125,12141.5202431117,Non-VPN,15s
550777.0,0.0,188.8241520615,VPN,120s
459.0,1.0,594771.241830065,VPN,120s
11158401.0,11.8296519367,3643.5327965002,Non-VPN,15s
0.0,0.0,0.0,Non-VPN,30s
10622513.0,4.9894031667,389.455866046,VPN,15s
119472154.0,495.0,2604.9082533492,VPN,120s
2951543.0,1.0,71.8268376913,VPN,120s
514808.0,252.5213283399,227302.217525757,Non-VPN,30s
5100575.0,204.290692716,448343.176994751,Non-VPN,15s
72407.0,1.0,44429.4059966578,Non-VPN,120s
119609758.0,213.0,2035.4861013932,VPN,120s
60050483.0,3.0,132.7383161931,Non-VPN,120s
14999628.0,100.0691483815,11107.6754703517,Non-VPN,15s
119103812.0,0.0,293.8612913582,VPN,120s
10253878.0,3.0,685.8868420319,VPN,120s
40.0,1.0,8450000.0,VPN,120s
537713.0,14.8778251595,1800.2168443017,VPN,30s
92022.0,163.0044989242,55138.9885027493,Non-VPN,30s
2725426.0,5.5037267568,1443.4440707618,VPN,30s
0.0,0.0,0.0,VPN,30s
221728.0,117.2607879925,24263.9630538317,Non-VPN,15s
29987828.0,104.4423757533,12179.975155253,Non-VPN,30s
181103.0,11.0434393688,552.1719684379,VPN,15s
40016673.0,0.0,18.967094041,Non-VPN,120s
325347.0,6.1472827473,1478.4215007361,Non-VPN,30s
14980880.0,114.2790009666,15520.2498117601,VPN,15s
192311.0,129.9977640385,34407.8081856992,Non-VPN,15s
16232620.0,4.866743631,1604.1156633988,VPN,30s
10119356.0,1.0,344.8836072177,Non-VPN,120s
9265010.0,13.0598887643,2349.1609830966,Non-VPN,15s
14993189.0,100.1121242452,11112.4457912189,Non-VPN,15s
104795293.0,0.267187573,94.3935525806,Non-VPN,15s
3208105.0,9.6630253686,1325.0813174756,VPN,30s
17629648.0,131.8233920496,112497.481515229,VPN,30s
2342847.0,14.0854268333,1683.8487532477,VPN,30s
16903728.0,2.0,359.3881775665,Non-VPN,120s
14147573.0,4.8771616163,314.1174814931,Non-VPN,15s
14429216.0,2.2177227093,248.384943437,Non-VPN,15s
564099.0,2799.1540492006,2314556.48742508,VPN,15s
3502620.0,217.2659323592,161422.877731527,VPN,30s
11754135.0,9.6987145375,2029.4985551893,VPN,15s
15698839.0,1.1465816039,233.0745604818,VPN,30s
13163155.0,2.2790888659,305.8537257975,VPN,15s
152.0,13157.8947368421,3157894.73684211,Non-VPN,15s
58257707.0,5.0,36.7333372733,Non-VPN,120s
14436138.0,2.2166593309,248.2658450619,Non-VPN,15s
14996026.0,99.2929726849,11021.5199680235,Non-VPN,15s
14462895.0,18.6684616047,2284.7431306111,VPN,15s
119996772.0,0.0,11096.5984984996,Non-VPN,120s
105469729.0,11.0,43.9178145608,Non-VPN,120s
119936744.0,52.0,40624.2393907242,Non-VPN,120s
14646645.0,1.5020504696,535.0713422767,Non-VPN,30s
278070.0,35.9621677995,7217.6070773546,Non-VPN,15s
100444864.0,10.0,45.3681733294,VPN,120s
96597303.0,12.0,54.2147641534,Non-VPN,120s
562946.0,1.0,1662.6816781716,VPN,120s
28906634.0,2.5253718575,676.349934067,VPN,30s
10031096.0,0.9969000396,122.9177748872,Non-VPN,15s
14984206.0,3.470320683,476.7019353578,Non-VPN,15s
18875551.0,3.0,143.2540962645,Non-VPN,120s
14983794.0,113.5226498709,14954.8905971345,VPN,15s
275540.0,10.8877114031,3698.1926399071,VPN,30s
0.0,0.0,0.0,VPN,15s
82905333.0,0.0,6.9235594289,Non-VPN,120s
6835017.0,10.5339898935,2240.2285173541,Non-VPN,15s
14995369.0,113.7017701932,15539.9310280394,Non-VPN,15s
14988928.0,104.4771180434,12211.4136514633,Non-VPN,15s
24440784.0,3.7232848177,1197.6702547676,VPN,30s
14996138.0,112.0955275285,14886.6994955635,VPN,15s
1210.0,2479.3388429752,124793.388429752,Non-VPN,30s
108540284.0,4.0,58.4759848242,Non-VPN,120s
29630414.0,6.0,48.7674590034,VPN,120s
25558.0,234.7601533766,18115.6585022302,VPN,30s
213418.0,14.0569211594,13218.1915302364,VPN,30s
119280680.0,315.0,254509.858595709,Non-VPN,120s
109042.0,3.0,41644.5039526054,Non-VPN,120s
30507.0,98.3380863408,92470.580522503,Non-VPN,15s
487037.0,0.0,973.2320131735,Non-VPN,120s
848944.0,21.202811964,2506.6435477487,VPN,15s
161207.0,0.0,2927.9125596283,VPN,120s
119997744.0,0.0,15031.3825899927,VPN,120s
55650.0,35.9389038634,2767.2955974843,Non-VPN,30s
13412.0,149.1201908738,5964.8076349538,Non-VPN,30s
6169384.0,0.4862722113,24.9619735131,VPN,15s
14265744.0,4.6264674314,1347.7740803424,VPN,15s
174597.0,28.6373763581,1638.0579276849,VPN,15s
149765.0,340.5335024872,437872.66717858,Non-VPN,30s
187392.0,10.6728142077,490.9494535519,VPN,15s
250978.0,7.9688259529,390.4724716907,VPN,15s
14999880.0,100.6674720064,12329.0319655891,VPN,15s
128318.0,38.9656946025,2852.288844901,VPN,15s
29959643.0,0.3337823485,141.8908763365,VPN,30s
20215478.0,0.0,14.6917129538,VPN,120s
206168.0,0.0,504.4429785418,VPN,120s
10078759.0,0.396874258,21.4312099337,VPN,15s
108339596.0,7.0,85.3335284728,Non-VPN,120s
0.0,0.0,0.0,Non-VPN,30s
1820659.0,2.1970066882,143.3546864075,VPN,30s
29553893.0,3.2144665341,198.8232142547,VPN,30s
59048483.0,10.0,99.528382465,VPN,120s
215.0,9302.3255813954,2083720.93023256,Non-VPN,15s
172341.0,23.2097991772,951.6017662657,Non-VPN,30s
0.0,0.0,0.0,VPN,120s
27116084.0,5.1998658803,1827.2181189585,Non-VPN,30s
52193.0,38.3193148507,2950.5872435001,Non-VPN,15s
119494298.0,97.0,323.8983001515,VPN,120s
1965037.0,104.8326316502,90817.6283703564,Non-VPN,30s
14980110.0,104.6053733918,12291.2982614947,Non-VPN,15s
271114.0,7.3769705733,368.8485286632,VPN,15s
901400.0,27.7346350122,4581.761704016,Non-VPN,15s
11013604.0,10.3508352034,3038.1517258111,Non-VPN,15s
14442763.0,2.2156425332,310.1899546506,VPN,15s
105585270.0,9.0,670.0650573702,Non-VPN,120s
164890.0,12.1292983201,612.5295651647,VPN,15s
14977955.0,90.7333477768,93250.3135441387,Non-VPN,15s
149.0,13422.8187919463,536912.751677852,Non-VPN,30s
38.0,0.0,2105263.15789474,VPN,120s
23765079.0,4.8390329357,638.2474049424,VPN,30s
11605065.0,0.0,139.0772046516,Non-VPN,120s
53693.0,37.2488033822,8343.7319576109,Non-VPN,15s
644982.0,13.9538777826,6260.6398318093,VPN,15s
88912073.0,14.0,169.9319281421,VPN,120s
14998955.0,100.006967152,11100.773353877,Non-VPN,15s
29997310.0,0.1000089675,4.4003945687,VPN,30s
14999763.0,100.7349249451,11830.5869232734,VPN,15s
14996360.0,100.1576382536,11117.497846144,Non-VPN,15s
61392971.0,4.0,14.8876978115,Non-VPN,120s
14428487.0,2.2178347598,248.3974930982,Non-VPN,15s
163938.0,12.1997340458,616.0865693128,VPN,15s
20108538.0,0.1989204785,10.045484162,VPN,30s
14999902.0,100.400655951,12384.4142448397,VPN,15s
1123172.0,0.0,70047.1521725969,VPN,120s
29223070.0,593.4694746308,543341.134247702,VPN,30s
49.0,0.0,2122448.97959184,VPN,120s
2242769.0,13.8221992546,1712.169197987,VPN,30s
28867.0,1.0,6477.9852426646,VPN,120s
66639967.0,11.0,120.603301019,VPN,120s
59135172.0,5.0,37.3212747229,VPN,120s
117084492.0,8.0,1177.090130775,Non-VPN,120s
128996.0,0.0,3659.0281869205,VPN,120s
29999706.0,100.0676473296,11107.5088535868,Non-VPN,30s
14991290.0,111.6648400505,15244.185123495,VPN,15s
28425582.0,4.9955001801,1105.2016454756,VPN,30s
110525.0,99.5249943452,25948.8803438136,VPN,30s
10640365.0,0.9398173841,308.354083718,VPN,15s
29600000.0,1.1486486486,470.8108108108,Non-VPN,30s
166602.0,12.0046578072,516.2002857109,Non-VPN,15s
117784647.0,5.0,41.4485259696,Non-VPN,120s
14444066.0,2.21544266,310.1619723975,VPN,15s
14994235.0,113.5102924557,15515.363071207,Non-VPN,15s
8318214.0,0.4808724565,99.0597260422,Non-VPN,15s
20289440.0,0.1971468902,9.8573445102,VPN,30s
14992217.0,207.0407598823,231512.924339342,Non-VPN,15s
29993362.0,82.3182142769,98172.1222182428,VPN,30s
28371453.0,5.040277634,1116.8973263372,VPN,30s
20115403.0,0.2982788861,16.1070598486,VPN,30s
207105.0,14.4854059535,4920.2095555395,VPN,30s
239015.0,8.3676756689,1874.3593498316,Non-VPN,30s
0.0,0.0,0.0,VPN,30s
118014194.0,8.0,84.8372527122,VPN,120s
14999952.0,100.066986881,11107.4355437937,Non-VPN,15s
264817.0,7.5523852321,347.409720675,VPN,15s
26117962.0,5.5134470293,1877.5967282593,Non-VPN,30s
16407551.0,1.6455837925,477.4021424648,VPN,30s
73720084.0,11.0,165.8571088986,VPN,120s
10180935.0,1.9644561133,1204.01515185,Non-VPN,15s
284.0,7042.2535211268,1573943.66197183,Non-VPN,30s
29959501.0,0.634189468,273.0018767669,Non-VPN,30s
140.0,14285.7142857143,571428.571428571,VPN,30s
66327075.0,71.0,940.2344366912,VPN,120s
18442377.0,0.5422294534,66.8568916035,Non-VPN,30s
3223678.0,11.1673684531,1756.0686892425,VPN,15s
107.0,18691.5887850467,747663.551401869,Non-VPN,15s
11.0,0.0,8363636.36363637,VPN,120s
29980571.0,5.5702741619,809.991243996,Non-VPN,30s
14995625.0,100.0958612929,11110.6406035094,Non-VPN,15s
10077086.0,0.3969401472,21.4347679478,VPN,15s
13977662.0,0.3577136148,23.1082995139,VPN,30s
457674.0,17.4796907843,14016.5270476365,VPN,30s
17561326.0,2.6193921803,1935.2183314631,VPN,30s
237542.0,1553.4095023196,1752144.88385212,Non-VPN,15s
14988940.0,113.6171070136,15546.6630729058,Non-VPN,15s
12557967.0,231.0883600825,486797.106569877,Non-VPN,15s
10747502.0,1.7678526601,2053.0352076231,Non-VPN,30s
28893474.0,3.7724781728,672.7124609523,VPN,30s
63523.0,31.4846590999,7052.5636383672,Non-VPN,15s
119995118.0,0.0,11066.225210929,Non-VPN,120s
0.0,0.0,0.0,VPN,30s
212803.0,192.6664567699,62005.7048067931,VPN,30s
120031420.0,0.1499607353,63.3417483522,Non-VPN,15s
12290581.0,1.1390836609,94.7880332101,Non-VPN,15s
7272800.0,0.5499945001,90.199098009,VPN,30s
14980916.0,681.4002561659,1544561.96136471,Non-VPN,15s
1449320.0,33.8089586841,43022.2449148566,Non-VPN,30s
14425634.0,2.2182733875,248.4466193999,Non-VPN,15s
119910742.0,106.0,197.3801479771,VPN,120s
1397454.0,7.8714576652,939.5658103952,Non-VPN,30s
291025.0,6.8722618332,343.6130916588,VPN,15s
12596610.0,3.4930032763,1656.7155766512,Non-VPN,15s
344094.0,11.6247304516,616.1107139328,Non-VPN,15s
208549.0,38.3602894284,24018.3362183468,Non-VPN,15s
9017343.0,8.6499981203,2502.4000972349,Non-VPN,15s
25338492.0,0.3157251821,17.1280911271,VPN,30s
56078.0,160.4907450337,65890.366988837,Non-VPN,15s
118803.0,101.0075503144,20959.0666902351,VPN,15s
14939739.0,4.4177478603,1220.4363141819,VPN,15s
217765.0,59.6973802034,18575.0694556058,Non-VPN,15s
10077955.0,0.3969059199,21.4329196747,VPN,15s
14699195.0,2.8572993283,591.392930021,VPN,15s
119994367.0,0.0,12725.089003553,Non-VPN,120s
0.0,0.0,0.0,VPN,30s
14422679.0,2.2187278799,248.4975225476,Non-VPN,15s
567691.0,1.0,2884430.08608556,Non-VPN,120s
10416456.0,1.2480252401,145.0589336719,VPN,15s
2216344.0,7.6702894497,2069.624570915,VPN,15s
25342.0,236.761108042,18270.0655039066,VPN,30s
2331867.0,2.0,477937.206538795,Non-VPN,120s
227.0,8810.5726872247,1973568.28193833,Non-VPN,15s
130140.0,0.0,799.139388351,VPN,120s
14105173.0,4.0410706058,1467.8302775868,Non-VPN,15s
964744.0,27.9866990621,4369.0346869221,Non-VPN,15s
29941417.0,1.7033261986,498.6737935616,VPN,30s
0.0,0.0,0.0,Non-VPN,15s
206949.0,14.4963251816,4923.9184533388,VPN,15s
3679949.0,11.6849445468,6834.3338453875,Non-VPN,15s
14981929.0,79.9630007591,13023.957061871,Non-VPN,15s
161352.0,148.7431206307,38877.7331548416,Non-VPN,30s
25901936.0,55.7487285892,16483.5169077709,Non-VPN,30s
14950582.0,7.4244601314,2930.6551410507,Non-VPN,15s
10231878.0,3.0,398.6560433969,Non-VPN,120s
61.0,32786.8852459016,1311475.40983607,Non-VPN,30s
58744159.0,7.0,461.5437596102,Non-VPN,120s
260191.0,23.0599828587,9708.2527835321,VPN,15s
14999047.0,798.5840700413,580190.994801203,Non-VPN,15s
104282538.0,0.0,4.5932905852,VPN,120s
11332076.0,0.705960673,210.3762805685,VPN,15s
213028.0,51.6364046041,15242.1277954072,Non-VPN,30s
2965768.0,2.0,191014.941155208,VPN,120s
4384024.0,9.3521385832,2819.7838333002,Non-VPN,15s
14025123.0,3.9215342354,208.7682225675,VPN,15s
119994821.0,0.0,11626.0850957893,VPN,120s
9220788.0,1.7352096155,231.8673848699,VPN,15s
14994543.0,100.1030841687,11111.4423427243,Non-VPN,15s
179149.0,161.8764268849,21177.9021931465,Non-VPN,15s
20100847.0,5.1241621808,1451.0333818272,VPN,30s
52.0,0.0,2596153.84615385,Non-VPN,120s
97675121.0,13.0,55.8791219721,Non-VPN,120s
119999000.0,0.0,9553.4796123301,Non-VPN,120s
34.0,0.0,2352941.17647059,VPN,120s
14961252.0,0.200517978,10.4269348581,Non-VPN,15s
29987590.0,104.6766345678,12142.3895684848,Non-VPN,30s
27844356.0,5.0638628525,1121.3762674202,VPN,30s
4369659.0,10.0694356242,804.6394466937,Non-VPN,15s
14936670.0,17.9424195621,9641.6403388439,Non-VPN,15s
0.0,0.0,0.0,VPN,120s
14642851.0,11.4048828333,1972.8398520206,VPN,15s
958345.0,3.0,6395.4004038212,VPN,120s
64006548.0,9.0,198.6359270617,Non-VPN,120s
2176302.0,13.3253564992,1701.5101764369,VPN,30s
1638283.0,14.0390884847,6943.2448484175,Non-VPN,15s
29644.0,0.0,95162.5961408717,Non-VPN,120s
6372636.0,2399.0072553964,13600000.0,Non-VPN,15s
14999679.0,487.8771072368,442521.469959457,VPN,15s
28435238.0,2.4969019074,831.1518264767,Non-VPN,30s
14988047.0,113.2902772456,15480.8028023931,Non-VPN,15s
104864485.0,0.4958780849,285.425518468,Non-VPN,30s
7937593.0,0.8818794312,50.5190931306,VPN,15s
10078088.0,0.396900682,21.4326368256,VPN,15s
104847235.0,0.0,5.0645112387,Non-VPN,120s
20402266.0,1.2253540857,164.0994191528,VPN,30s
14996908.0,100.087297995,11109.690077448,Non-VPN,15s
29543839.0,4.1971525772,738.1572855173,VPN,30s
12159196.0,0.0,67.274184905,Non-VPN,120s
29997709.0,5.5004200487,1770.868568663,Non-VPN,30s
1616452.0,1.2372776921,64.3384399908,VPN,30s
10046519.0,4.5787003439,747.9207474748,VPN,15s
2295356.0,13.0698680292,1889.031592485,Non-VPN,15s
26358699.0,2.8074223238,153.649465021,VPN,30s
14421369.0,2.2189294234,248.5200954223,Non-VPN,15s
114013414.0,13.0,52.8709718314,Non-VPN,120s
0.0,0.0,0.0,Non-VPN,30s
885959.0,0.0,117.3869219682,VPN,120s
207382.0,14.4660578064,4913.637634896,VPN,15s
15957807.0,0.3133262609,104.1496491341,VPN,30s
14974159.0,36.5295974218,7962.5840756733,Non-VPN,15s
57947.0,69.0285950955,3606.7440937408,Non-VPN,30s
129332.0,38.6601923731,2829.9260817122,VPN,30s
14999333.0,100.0711164956,11107.8939310168,Non-VPN,15s
730162.0,20.5433862622,6898.4691068557,VPN,15s
10079978.0,0.3968262629,21.4286181974,VPN,15s
210387.0,0.0,2338.5475338305,Non-VPN,120s
29979965.0,100.033472354,11103.7154312889,Non-VPN,30s
117549773.0,4.0,21.6163752184,VPN,120s
72809.0,0.0,96457.8554848989,Non-VPN,120s
4733234.0,3.8028967087,1295.9426895015,Non-VPN,15s
174049.0,11.4910168975,494.1137265942,VPN,15s
29998871.0,100.4371131167,11288.8915052837,VPN,30s
25675369.0,0.2336870017,53.7480103986,Non-VPN,30s
14442339.0,2.2157075803,310.1990612462,VPN,15s
27714234.0,4.4020700698,1549.4204169598,Non-VPN,30s
1772537.0,2.2566524704,119.6025809334,VPN,30s
4108.0,2434.2745861733,344693.281402142,Non-VPN,30s
6545365.0,182.2663823943,169858.518203339,VPN,15s
29999122.0,77.1689251439,11324.5647655955,Non-VPN,30s
13908503.0,9.3468002991,1567.3146132262,Non-VPN,15s
25.0,1.0,5400000.0,VPN,120s
2899620.0,5.1730916465,1353.2807747222,VPN,30s
13638451.0,4.0,363.237731323,VPN,120s
199194.0,195.7890297901,51607.980160045,Non-VPN,15s
3524252.0,119.1742247717,97490.4745744629,VPN,15s
25699075.0,4.1246620744,352.1138406733,VPN,30s
403602.0,47.0760799005,18914.6733663361,Non-VPN,30s
33264604.0,6.0,42.8984514591,VPN,120s
14999834.0,114.1345964229,15520.1717565674,VPN,15s
14993784.0,114.1806497946,15469.6106066354,VPN,15s
174669.0,11.4502287183,492.3598348877,Non-VPN,30s
10078502.0,0.3968843783,21.4317564257,VPN,15s
1926047.0,83.0717007425,58037.005327492,VPN,30s
62797138.0,0.0,2070.6994640425,Non-VPN,120s
14985973.0,184.2389546545,231537.585180488,VPN,15s
29999596.0,104.5347410678,12105.3963526709,Non-VPN,30s
207853.0,9.6221849095,2237.1579914651,VPN,30s
266704.0,1.0,817.3855660208,VPN,120s
207701.0,9.6292266287,2156.9467648206,Non-VPN,15s
14999487.0,104.5369084956,12099.2804620585,Non-VPN,15s
56078.0,160.4907450337,65890.366988837,Non-VPN,30s
764651.0,62.773735992,120963.68147037,Non-VPN,30s
150.0,0.0,533333.333333333,Non-VPN,120s
1446414.0,25.5805046135,15254.9684944974,Non-VPN,15s
14254982.0,1.8239237342,273.7288619516,Non-VPN,15s
14982586.0,79.1585644828,12662.5670628555,Non-VPN,15s
24047.0,83.1704578534,4324.8638083753,VPN,15s
60076615.0,1.0,1087.211721233,Non-VPN,120s
1746249.0,1.0,121.4030759645,VPN,120s
14982790.0,511.9206769901,580138.812597654,Non-VPN,15s
20115228.0,0.2982814811,16.107199978,VPN,30s
14.0,142857.142857143,9642857.14285714,VPN,30s
10077343.0,0.3969300241,21.4342213022,VPN,15s
30.0,0.0,3066666.66666667,VPN,120s
118192254.0,182.0,1108.4059704962,VPN,120s
10180935.0,1.9644561133,1204.01515185,Non-VPN,30s
158294.0,12.6347176772,631.7358838617,VPN,15s
126499.0,8.0,54743.5157590179,Non-VPN,120s
167444.0,0.0,2872.6021834166,Non-VPN,120s
14998185.0,77.2093423304,11093.7423428235,Non-VPN,15s
63733007.0,0.3922614227,205.1684145391,Non-VPN,30s
12386931.0,7.2657222358,1846.2200201164,Non-VPN,15s
59743514.0,0.0,6.2768319922,Non-VPN,120s
14995692.0,100.0954140696,11110.5909617242,Non-VPN,15s
29281371.0,296.5366614835,327657.164686722,Non-VPN,30s
323733.0,9.2668958679,540.568925627,VPN,15s
14056805.0,0.2845596848,60.0420934914,Non-VPN,15s
7869521.0,0.2541450744,13.2155438686,Non-VPN,30s
122901.0,16.2732605919,3645.2103725763,Non-VPN,15s
14998287.0,100.0780955852,11108.6686099553,Non-VPN,15s
25744.0,116.532007458,5865.4443753884,Non-VPN,15s
14998708.0,104.6756827321,12214.9187783374,Non-VPN,15s
14423411.0,2.2186152776,248.4849110935,Non-VPN,15s
117175404.0,0.0,12.9549371983,Non-VPN,120s
25429793.0,4.0896911744,309.2435711136,VPN,30s
250.0,8000.0,1788000.0,Non-VPN,30s
14430013.0,2.2176002198,248.3712246136,Non-VPN,15s
4277.0,1.0,35305.1204115034,Non-VPN,120s
109891961.0,1.0,19.7739669056,Non-VPN,120s
790.0,2531.6455696203,170886.075949367,VPN,30s
14441916.0,2.2157724778,310.2081468969,VPN,15s
119989859.0,0.0,11100.9381217791,Non-VPN,120s
0.0,0.0,0.0,Non-VPN,120s
175328.0,11.4071910933,490.5092170104,VPN,15s
179941.0,11.1147542806,2734.2295530202,Non-VPN,15s
172487.0,11.5950767304,498.5882994081,Non-VPN,30s
14999452.0,100.3369989784,11119.4728980765,VPN,15s
13430487.0,11.3175345019,3509.0313553038,VPN,15s
14999734.0,60.1343997167,8033.3424579396,VPN,15s
64334566.0,0.0,13.9271942862,Non-VPN,120s
10348379.0,10.4364171432,2425.0174834146,Non-VPN,15s
29992532.0,100.0248995317,11102.7638480139,Non-VPN,30s
75248645.0,0.0,6642.8438678198,Non-VPN,120s
298.0,0.0,1614093.95973154,Non-VPN,120s
99170316.0,0.0,25.4007459248,Non-VPN,120s
29994647.0,113.4202379511,15546.6407055899,Non-VPN,30s
269.0,7434.9442379182,1806691.44981413,Non-VPN,30s
29999522.0,100.9349415634,13189.0768126239,Non-VPN,30s
228.0,8771.9298245614,2105263.15789474,Non-VPN,30s
26053468.0,1.6120694565,414.3402329394,Non-VPN,30s
14983573.0,100.1096333965,11112.1693070138,Non-VPN,15s
79183.0,4.0,18337.2693633735,Non-VPN,120s
18885014.0,0.1588561173,35.4249141674,Non-VPN,30s
14997246.0,100.0183633715,11102.0383342382,Non-VPN,15s
12428161.0,4.666820779,284.9979172301,VPN,15s
281118.0,1.0,6559.5230472613,VPN,120s
616000.0,11.3636363636,913.961038961,Non-VPN,30s
3599823.0,2.0,1495.3512992167,Non-VPN,120s
468130.0,14.9531113152,10112.5755666161,VPN,15s
539147.0,11.1286903201,1329.8784932495,VPN,30s
882259.0,19.2687181429,2349.6501594203,VPN,15s
14423698.0,2.218571132,248.479966788,Non-VPN,15s
2916.0,3.0,558641.975308642,Non-VPN,120s
28018136.0,0.8922792009,132.9852920979,Non-VPN,30s
228.0,8771.9298245614,2105263.15789474,Non-VPN,15s
92610222.0,27.0,9716.3788247911,VPN,120s
15444915.0,1.5539094906,255.2296338309,Non-VPN,30s
14815064.0,0.809986376,257.2381732539,VPN,15s
14999870.0,76.533996628,11184.6969340401,Non-VPN,15s
14999872.0,100.0675205762,11107.4947839555,Non-VPN,15s
91369820.0,6.0,26.1027109389,VPN,120s
14479343.0,0.8287668853,216.1009653546,Non-VPN,15s
18532174.0,0.9712837792,209.0958135834,Non-VPN,30s
20117472.0,0.2982482093,16.1054033032,VPN,30s
14999268.0,113.6722138707,15540.2916995683,Non-VPN,15s
10078021.0,0.3969033206,21.4327793125,VPN,15s
10013981.0,6.9902269637,1835.4338798925,Non-VPN,15s
2109485.0,12.7993325385,1001.1922341235,VPN,15s
117386.0,0.0,4191.3004958002,Non-VPN,120s
0.0,0.0,0.0,VPN,15s
0.0,0.0,0.0,VPN,15s
25040157.0,0.4792302221,125.3586389255,Non-VPN,30s
14960311.0,0.2005305906,10.4275907098,Non-VPN,15s
172841.0,138.8559427451,50786.561059008,Non-VPN,30s
37187818.0,0.0,10.083947383,VPN,120s
29991217.0,36.0438857816,7070.0031946019,Non-VPN,30s
14998963.0,398.1608595208,439015.483937123,Non-VPN,15s
300883.0,6.6471020297,332.3551014846,VPN,30s
6097039.0,1.3121123221,228.9636002,VPN,15s
119110933.0,0.0,292.7355123648,VPN,120s
165597.0,0.0,2735.5568035653,VPN,120s
209343.0,14.3305484301,4867.6096167534,VPN,15s
14445489.0,2.1459986574,300.9936181461,VPN,15s
26084559.0,6.517265636,2102.0098518821,Non-VPN,30s
77.0,0.0,1038961.03896104,Non-VPN,120s
29989520.0,829.7898732624,908201.365010177,Non-VPN,30s
204968.0,692.7910698255,1035215.25311268,Non-VPN,15s
2723534.0,1.4686800312,73.4340015583,VPN,15s
269174.0,2.0,6947.1791480604,Non-VPN,120s
210127.0,14.2770800516,4849.448190856,VPN,15s
29999587.0,4.5667295353,1127.2821855848,Non-VPN,30s
29999866.0,0.1000004467,4.2000187601,VPN,30s
60144782.0,5.0,114.5901567986,Non-VPN,120s
89692791.0,34.0,173.5925465849,VPN,120s
698266.0,35.8029747976,8475.2801940808,VPN,30s
14957106.0,8.4240895264,1000.6614916014,VPN,15s
10076237.0,0.3969735924,21.4365739909,VPN,15s
311702.0,38.4983092826,10253.3830389282,Non-VPN,15s
42.0,47619.0476190476,2642857.14285714,Non-VPN,15s
59025112.0,8.0,155.357604404,VPN,120s
894111.0,24.60544608,6855.972021371,VPN,15s
343477.0,40.7596432949,57302.2356664347,Non-VPN,30s
10798726.0,0.0,68.8970161851,Non-VPN,120s
119999799.0,0.0,12355.429028677,VPN,120s
41.0,0.0,2560975.6097561,VPN,120s
26354283.0,0.9486124134,127.0381744022,VPN,30s
29645132.0,9.0,169296.699370406,VPN,120s
4481213.0,2.6778463778,1297.8628777521,Non-VPN,15s
1962458.0,204.8451482783,164832.57221301,VPN,15s
2906468.0,0.6881204266,35.7822621821,Non-VPN,15s
14870476.0,7.3972077289,5338.5648179655,VPN,15s
14997523.0,104.5505981221,12212.3499993966,Non-VPN,15s
14391815.0,3.4741969654,1452.909170942,Non-VPN,15s
640.0,3125.0,181250.0,VPN,30s
5999479.0,2.333535962,576.3833826237,VPN,15s
7441863.0,2.2843742219,486.0342094446,VPN,15s
10367294.0,3.0866299345,2899.4065375208,Non-VPN,30s
13925305.0,0.2872468502,19.4609741043,VPN,30s
14781810.0,9.4710999533,1429.053681518,VPN,15s
7742476.0,0.0,20.1485932924,Non-VPN,120s
90175002.0,3.0,6.1325199638,Non-VPN,120s
14425287.0,2.218326748,248.4525957785,Non-VPN,15s
14997314.0,100.0845884803,11109.3893213145,Non-VPN,15s
14963792.0,0.3341399025,111.068103593,VPN,30s
14968749.0,36.0751589862,6196.2425851352,Non-VPN,15s
0.0,0.0,0.0,Non-VPN,30s
29804525.0,2.1473249448,300.6254922701,VPN,30s
1759225.0,1.0,736.1195981185,Non-VPN,120s
1573078.0,5.0855710906,610.9042272538,VPN,15s
285.0,7017.5438596491,1684210.52631579,Non-VPN,15s
191955072.0,3.0,32.2419196092,VPN,120s
0.0,0.0,0.0,Non-VPN,120s
29980306.0,5.6370338582,855.5282924731,Non-VPN,30s
10077248.0,0.396933766,21.4344233664,VPN,15s
8805854.0,7.8356965718,903.9441262596,VPN,15s
119946171.0,179.0,1085.3035066872,VPN,120s
14551072.0,1.305745721,71.1287800651,VPN,15s
22041055.0,1.0888770978,312.190137904,VPN,30s
8785588.0,1.7073416145,734.9536536428,VPN,15s
14995388.0,101.5645610504,13350.5715223908,Non-VPN,15s
210003.0,0.0,495.2310205092,VPN,120s
7.0,0.0,13100000.0,VPN,120s
27934254.0,39.3423787154,36242.886600802,Non-VPN,30s
135683.0,22.1103601778,5822.3948468121,VPN,30s
59025150.0,5.0,102.668099954,Non-VPN,120s
119940405.0,8.0,84.2251616542,VPN,120s
305585.0,6.5448238624,1610.0266701572,Non-VPN,30s
914715.0,32.7971007363,3575.9772169474,Non-VPN,30s
72944.0,10926.1899539373,28800000.0,Non-VPN,15s
105425992.0,9.0,40.9955829488,Non-VPN,120s
35030.0,0.0,80530.9734513274,Non-VPN,120s
252663.0,7.9156821537,387.8684255312,VPN,15s
212.0,14150.9433962264,566037.735849057,Non-VPN,15s
29789851.0,4.6324501589,304.3318343553,VPN,30s
29999877.0,104.6337623318,12060.5161147827,Non-VPN,30s
21.0,0.0,4952380.95238095,VPN,120s
14689893.0,8.7134739511,4252.1752881386,VPN,15s
29863335.0,5.2907687638,1070.2756406811,VPN,30s
117539962.0,0.1361239167,65.3820187555,VPN,15s
251141.0,95.5638466041,29501.3558120737,Non-VPN,30s
240176124.0,0.0541269456,9.8844129902,VPN,30s
14679333.0,5.3817159131,1275.2623024493,VPN,15s
230155.0,8.689796007,451.869392366,VPN,15s
9269881.0,1677.6914396204,67571.6333359619,Non-VPN,15s
398774.0,173.0303379859,77234.2228931676,Non-VPN,15s
27247578.0,5.3582744125,908.6679190349,Non-VPN,30s
119743360.0,3.0,8.2927353968,Non-VPN,120s
119995836.0,0.0,204.3487575686,VPN,120s
11990285.0,1.5012153589,322.0106944914,Non-VPN,15s
10107792.0,0.7914686016,182.0377783793,Non-VPN,30s
119585.0,2.0,11372.6637956265,Non-VPN,120s
87239.0,0.0,6029.4134504064,Non-VPN,120s
9438.0,0.0,375821.148548421,Non-VPN,120s
14762020.0,0.60967266,119.5635827617,Non-VPN,15s
29997977.0,54.1036483894,91938.9330820542,Non-VPN,30s
353869.0,19.7813315097,8794.2148083048,VPN,30s
10243933.0,4.7833190631,303.301476103,VPN,15s
177.0,11299.4350282486,451977.401129944,VPN,15s
26810741.0,59.7148732294,54695.3178205705,VPN,30s
222.0,9009.009009009,2018018.01801802,Non-VPN,15s
28098317.0,6.014595109,1906.2707563588,Non-VPN,30s
60804630.0,0.5098295969,318.8737436606,Non-VPN,30s
3138500.0,4.7793531942,1349.0520949498,Non-VPN,30s
29813594.0,2.1466717498,300.5340449729,VPN,30s
14990518.0,98.3288235937,13441.6302358598,Non-VPN,15s
856917.0,21.0055349585,2479.8200992628,VPN,15s
48.0,0.0,2166666.66666667,VPN,120s
90291528.0,3.0,15.0623212402,Non-VPN,120s
12230060.0,1.7988464488,870.9687442253,VPN,15s
115627671.0,117.0,1353.7762946034,VPN,120s
13751826.0,0.9453290058,104.786084408,VPN,30s
18919905.0,0.0,5.4968563531,VPN,120s
13148946.0,6.7686033542,1914.6781802891,VPN,15s
11634903.0,4.0,184079.918844188,VPN,120s
119805.0,0.0,5400.4423855432,Non-VPN,120s
10078132.0,0.3968989491,21.4325432531,VPN,15s
0.0,0.0,0.0,VPN,15s
87.0,22988.5057471264,919540.229885057,VPN,15s
14833648.0,1.8201861066,91.4137911322,VPN,15s
7692942.0,7.5393783029,813.3429317418,Non-VPN,15s
8903675.0,2.2462634811,1402.2299780709,Non-VPN,15s
14997631.0,99.3490238558,11027.7416479976,Non-VPN,15s
14990460.0,99.8635131944,11084.8499645775,Non-VPN,15s
88371.0,203.6867298096,63935.0013013319,VPN,15s
3816946.0,4.7158120655,1187.8606613769,Non-VPN,15s
14961411.0,36.2265297036,7924.8541464438,Non-VPN,15s
23110577.0,7.3559392308,2165.3288881537,Non-VPN,30s
27624793.0,6.1900916325,2562.6255371398,VPN,30s
210965.0,5.0,13367.1462090868,Non-VPN,120s
0.0,0.0,0.0,VPN,30s
267962.0,7.4637448593,373.1872429673,VPN,15s
29913755.0,5.850151544,579.1984322931,VPN,30s
29996143.0,100.0795335587,11108.8282250155,Non-VPN,30s
3150707.0,236.1374764458,177521.108754321,VPN,15s
93191.0,21.4612999109,987.219795903,VPN,30s
14996387.0,104.4251525384,12221.9438588775,Non-VPN,15s
59736517.0,0.0,6.277567204,Non-VPN,120s
14848152.0,16.8371121201,2073.5913802607,VPN,15s
62883973.0,0.0,16.3316653037,Non-VPN,120s
115396641.0,1.0,24.2121432287,VPN,120s
98495723.0,9.0,36.9660721207,Non-VPN,120s
62546868.0,173.0,1120.9833880091,VPN,120s
14999981.0,100.5334606757,11211.4142011247,VPN,15s
98.0,0.0,816326.530612245,VPN,120s
29999361.0,101.6688322128,12130.6917170669,VPN,30s
1422327.0,0.0,338.1782107771,Non-VPN,120s
14757572.0,23.4455911853,5905.5785057325,VPN,15s
94504.0,126.9787522221,97953.5257766867,Non-VPN,30s
8724075.0,136.2895206655,127510.2518032,VPN,15s
249120.0,8.0282594733,393.384714194,VPN,15s
14999736.0,101.8017917115,13404.1025788721,Non-VPN,15s
17.0,0.0,5411764.70588235,VPN,120s
118272916.0,124.0,982.8539274368,VPN,120s
20068624.0,0.4982902664,23.7186166824,Non-VPN,30s
14998241.0,740.4868344228,537966.085489625,Non-VPN,15s
0.0,0.0,0.0,VPN,30s
17.0,0.0,5411764.70588235,VPN,120s
11398735.0,4.7373677869,1464.0221042072,Non-VPN,15s
23820.0,125.9445843829,6339.2107472712,Non-VPN,30s
58.0,0.0,1379310.34482759,VPN,120s
10106609.0,12.0713089821,2205.4875181181,Non-VPN,30s
110471623.0,0.0,11.7315195052,VPN,120s
1562156.0,2.5605637337,573.5662763514,Non-VPN,15s
312595.0,1.0,5169769.19016619,Non-VPN,120s
10077127.0,0.3969385322,21.4346807379,VPN,15s
119993354.0,0.0,11101.5398402815,Non-VPN,120s
507150.0,7.8872128562,457.4583456571,VPN,30s
14990570.0,368.6984550954,409725.714232347,Non-VPN,15s
10077965.0,0.3969055261,21.4328984076,VPN,15s
2230062.0,29.147171693,8213.672983083,VPN,15s
14986295.0,10.2760555561,1785.6314719549,Non-VPN,15s
30805929.0,10.0,64.9225673409,Non-VPN,120s
0.0,0.0,0.0,Non-VPN,30s
287704.0,34.7579456664,6795.1783777772,Non-VPN,30s
13636978.0,354.1840428283,255844.22003174,Non-VPN,15s
168335.0,11.8810704845,510.8860308314,Non-VPN,15s
108640542.0,102.0,1263.8375828427,VPN,120s
29998568.0,104.5716582205,12204.915914653,Non-VPN,30s
23.0,86956.5217391304,3478260.86956522,Non-VPN,30s
